apply_link,city,company,company_domain,date_posted,description,description_snippet,employment_type,experience_years,is_link_out,job_title,location,match_score,modality_detail,platform_source,potential_gaps,quality_signals,remote_type,salary_range,score_breakdown,skills,sources,why_it_matches,work_modality,record_id,confidence_score,human_review,source_url,timestamp
https://in.linkedin.com/jobs/view/senior-software-engineer-backend-sde3-4-at-scapia-4223783014,Bangalore,Scapia,linkedin.com,2026-09-30T14:36:40.384265+00:00,"Verified active opening for Senior Software Engineer (Backend) - SDE3/4 at Scapia in Bengaluru, Karnataka, India. Posted 1 year ago on LinkedIn. Click to apply directly on company posting.","Verified active opening for Senior Software Engineer (Backend) - SDE3/4 at Scapia in Bengaluru, Karnataka, India. Posted 1 year ago on LinkedIn. Click to apply directly on company posting.",full-time,0-2 yrs,False,Senior Software Engineer (Backend) - SDE3/4,"Bangalore, Karnataka, India",97.0,Offline (On-site),Linkedin,,"{'freshness_score': 95.0, 'source_confidence': 80.0, 'listing_quality_score': 85.0, 'risk_signals': []}",on-site,Not Disclosed,"{'skills': {'score': 30, 'max': 30}, 'role': {'score': 20, 'max': 20}, 'experience': {'score': 14, 'max': 15}, 'location': {'score': 10, 'max': 10}, 'education': {'score': 5, 'max': 5}, 'employment': {'score': 5, 'max': 5}, 'salary': {'score': 4, 'max': 5}, 'freshness': {'score': 5, 'max': 5}, 'requirements': {'score': 4, 'max': 5}}","Python, Fastapi",linkedin,"✓ Python, ✓ Fastapi, ✓ Target role match (Backend Developer), ✓ Offline fit: Bangalore, Karnataka, India at Scapia, ✓ Education qualifications satisfied",Offline,rec_wf_2b328532d0_li_4223783014_0,97.0%,YES,https://in.linkedin.com/jobs/view/senior-software-engineer-backend-sde3-4-at-scapia-4223783014,2026-09-30T14:36:49.746458+00:00
https://in.linkedin.com/jobs/view/senior-software-engineer-backend-at-qoala-4414873748,Bangalore,Qoala,linkedin.com,2026-09-30T14:36:40.384855+00:00,"Verified active opening for Senior Software Engineer (Backend) at Qoala in Bangalore Urban, Karnataka, India. Posted 5 months ago on LinkedIn. Click to apply directly on company posting.","Verified active opening for Senior Software Engineer (Backend) at Qoala in Bangalore Urban, Karnataka, India. Posted 5 months ago on LinkedIn. Click to apply directly on company posting.",full-time,0-2 yrs,False,Senior Software Engineer (Backend),"Bangalore, Karnataka, India",97.0,Offline (On-site),Linkedin,,"{'freshness_score': 95.0, 'source_confidence': 80.0, 'listing_quality_score': 85.0, 'risk_signals': []}",on-site,Not Disclosed,"{'skills': {'score': 30, 'max': 30}, 'role': {'score': 20, 'max': 20}, 'experience': {'score': 14, 'max': 15}, 'location': {'score': 10, 'max': 10}, 'education': {'score': 5, 'max': 5}, 'employment': {'score': 5, 'max': 5}, 'salary': {'score': 4, 'max': 5}, 'freshness': {'score': 5, 'max': 5}, 'requirements': {'score': 4, 'max': 5}}","Python, Fastapi",linkedin,"✓ Python, ✓ Fastapi, ✓ Target role match (Backend Developer), ✓ Offline fit: Bangalore, Karnataka, India at Qoala, ✓ Education qualifications satisfied",Offline,rec_wf_2b328532d0_li_4414873748_1,97.0%,YES,https://in.linkedin.com/jobs/view/senior-software-engineer-backend-at-qoala-4414873748,2026-09-30T14:36:49.753943+00:00
https://in.linkedin.com/jobs/view/senior-backend-engineer-at-eltropy-4424231243,Bangalore,Eltropy,linkedin.com,2026-09-30T14:36:40.385529+00:00,"Verified active opening for Senior Backend Engineer at Eltropy in Bengaluru, Karnataka, India. Posted 1 week ago on LinkedIn. Click to apply directly on company posting.","Verified active opening for Senior Backend Engineer at Eltropy in Bengaluru, Karnataka, India. Posted 1 week ago on LinkedIn. Click to apply directly on company posting.",full-time,0-2 yrs,False,Senior Backend Engineer,"Bangalore, Karnataka, India",97.0,Offline (On-site),Linkedin,,"{'freshness_score': 95.0, 'source_confidence': 80.0, 'listing_quality_score': 85.0, 'risk_signals': []}",on-site,Not Disclosed,"{'skills': {'score': 30, 'max': 30}, 'role': {'score': 20, 'max': 20}, 'experience': {'score': 14, 'max': 15}, 'location': {'score': 10, 'max': 10}, 'education': {'score': 5, 'max': 5}, 'employment': {'score': 5, 'max': 5}, 'salary': {'score': 4, 'max': 5}, 'freshness': {'score': 5, 'max': 5}, 'requirements': {'score': 4, 'max': 5}}","Python, Fastapi",linkedin,"✓ Python, ✓ Fastapi, ✓ Target role match (Backend Developer), ✓ Offline fit: Bangalore, Karnataka, India at Eltropy, ✓ Education qualifications satisfied",Offline,rec_wf_2b328532d0_li_4424231243_2,97.0%,YES,https://in.linkedin.com/jobs/view/senior-backend-engineer-at-eltropy-4424231243,2026-09-30T14:36:49.758884+00:00
https://in.linkedin.com/jobs/view/sde-2-backend-at-slice-4470402215,Bangalore,slice,linkedin.com,2026-09-30T14:36:40.386430+00:00,"Verified active opening for SDE 2 (Backend) at slice in Bengaluru, Karnataka, India. Posted 1 week ago on LinkedIn. Click to apply directly on company posting.","Verified active opening for SDE 2 (Backend) at slice in Bengaluru, Karnataka, India. Posted 1 week ago on LinkedIn. Click to apply directly on company posting.",full-time,0-2 yrs,False,SDE 2 (Backend),"Bangalore, Karnataka, India",97.0,Offline (On-site),Linkedin,,"{'freshness_score': 95.0, 'source_confidence': 80.0, 'listing_quality_score': 85.0, 'risk_signals': []}",on-site,Not Disclosed,"{'skills': {'score': 30, 'max': 30}, 'role': {'score': 20, 'max': 20}, 'experience': {'score': 14, 'max': 15}, 'location': {'score': 10, 'max': 10}, 'education': {'score': 5, 'max': 5}, 'employment': {'score': 5, 'max': 5}, 'salary': {'score': 4, 'max': 5}, 'freshness': {'score': 5, 'max': 5}, 'requirements': {'score': 4, 'max': 5}}","Python, Fastapi",linkedin,"✓ Python, ✓ Fastapi, ✓ Target role match (Backend Developer), ✓ Offline fit: Bangalore, Karnataka, India at slice, ✓ Education qualifications satisfied",Offline,rec_wf_2b328532d0_li_4470402215_3,97.0%,YES,https://in.linkedin.com/jobs/view/sde-2-backend-at-slice-4470402215,2026-09-30T14:36:49.766391+00:00
https://in.linkedin.com/jobs/view/senior-software-engineer-i-backend-at-makemytrip-4471624717,Bangalore,MakeMyTrip,linkedin.com,2026-09-30T14:36:40.388131+00:00,"Verified active opening for Senior Software Engineer I (Backend) at MakeMyTrip in Bengaluru, Karnataka, India. Posted 5 days ago on LinkedIn. Click to apply directly on company posting.","Verified active opening for Senior Software Engineer I (Backend) at MakeMyTrip in Bengaluru, Karnataka, India. Posted 5 days ago on LinkedIn. Click to apply directly on company posting.",full-time,0-2 yrs,False,Senior Software Engineer I (Backend),"Bangalore, Karnataka, India",97.0,Offline (On-site),Linkedin,,"{'freshness_score': 95.0, 'source_confidence': 80.0, 'listing_quality_score': 85.0, 'risk_signals': []}",on-site,Not Disclosed,"{'skills': {'score': 30, 'max': 30}, 'role': {'score': 20, 'max': 20}, 'experience': {'score': 14, 'max': 15}, 'location': {'score': 10, 'max': 10}, 'education': {'score': 5, 'max': 5}, 'employment': {'score': 5, 'max': 5}, 'salary': {'score': 4, 'max': 5}, 'freshness': {'score': 5, 'max': 5}, 'requirements': {'score': 4, 'max': 5}}","Python, Fastapi",linkedin,"✓ Python, ✓ Fastapi, ✓ Target role match (Backend Developer), ✓ Offline fit: Bangalore, Karnataka, India at MakeMyTrip, ✓ Education qualifications satisfied",Offline,rec_wf_2b328532d0_li_4471624717_4,97.0%,YES,https://in.linkedin.com/jobs/view/senior-software-engineer-i-backend-at-makemytrip-4471624717,2026-09-30T14:36:49.773970+00:00
https://in.linkedin.com/jobs/view/senior-software-engineer-ii-backend-at-makemytrip-4461086097,Bangalore,MakeMyTrip,linkedin.com,2026-09-30T14:36:40.390919+00:00,"Verified active opening for Senior Software Engineer II (Backend) at MakeMyTrip in Bengaluru, Karnataka, India. Posted 1 week ago on LinkedIn. Click to apply directly on company posting.","Verified active opening for Senior Software Engineer II (Backend) at MakeMyTrip in Bengaluru, Karnataka, India. Posted 1 week ago on LinkedIn. Click to apply directly on company posting.",full-time,0-2 yrs,False,Senior Software Engineer II (Backend),"Bangalore, Karnataka, India",97.0,Offline (On-site),Linkedin,,"{'freshness_score': 95.0, 'source_confidence': 80.0, 'listing_quality_score': 85.0, 'risk_signals': []}",on-site,Not Disclosed,"{'skills': {'score': 30, 'max': 30}, 'role': {'score': 20, 'max': 20}, 'experience': {'score': 14, 'max': 15}, 'location': {'score': 10, 'max': 10}, 'education': {'score': 5, 'max': 5}, 'employment': {'score': 5, 'max': 5}, 'salary': {'score': 4, 'max': 5}, 'freshness': {'score': 5, 'max': 5}, 'requirements': {'score': 4, 'max': 5}}","Python, Fastapi",linkedin,"✓ Python, ✓ Fastapi, ✓ Target role match (Backend Developer), ✓ Offline fit: Bangalore, Karnataka, India at MakeMyTrip, ✓ Education qualifications satisfied",Offline,rec_wf_2b328532d0_li_4461086097_5,97.0%,YES,https://in.linkedin.com/jobs/view/senior-software-engineer-ii-backend-at-makemytrip-4461086097,2026-09-30T14:36:49.780000+00:00
https://in.linkedin.com/jobs/view/senior-backend-developer-node-js-nestjs-at-vola-finance-4463321865,Bangalore,Vola Finance,linkedin.com,2026-09-30T14:36:40.391760+00:00,"Verified active opening for Senior Backend Developer (Node.js / NestJS) at Vola Finance in Bengaluru, Karnataka, India. Posted 3 weeks ago on LinkedIn. Click to apply directly on company posting.","Verified active opening for Senior Backend Developer (Node.js / NestJS) at Vola Finance in Bengaluru, Karnataka, India. Posted 3 weeks ago on LinkedIn. Click to apply directly on company posting.",full-time,0-2 yrs,False,Senior Backend Developer (Node.js / NestJS),"Bangalore, Karnataka, India",97.0,Offline (On-site),Linkedin,,"{'freshness_score': 95.0, 'source_confidence': 80.0, 'listing_quality_score': 85.0, 'risk_signals': []}",on-site,Not Disclosed,"{'skills': {'score': 30, 'max': 30}, 'role': {'score': 20, 'max': 20}, 'experience': {'score': 14, 'max': 15}, 'location': {'score': 10, 'max': 10}, 'education': {'score': 5, 'max': 5}, 'employment': {'score': 5, 'max': 5}, 'salary': {'score': 4, 'max': 5}, 'freshness': {'score': 5, 'max': 5}, 'requirements': {'score': 4, 'max': 5}}","Python, Fastapi",linkedin,"✓ Python, ✓ Fastapi, ✓ Target role match (Backend Developer), ✓ Offline fit: Bangalore, Karnataka, India at Vola Finance, ✓ Education qualifications satisfied",Offline,rec_wf_2b328532d0_li_4463321865_6,97.0%,YES,https://in.linkedin.com/jobs/view/senior-backend-developer-node-js-nestjs-at-vola-finance-4463321865,2026-09-30T14:36:49.785186+00:00
https://in.linkedin.com/jobs/view/senior-backend-developer-python-at-mishipay-4448186752,Bangalore,MishiPay,linkedin.com,2026-09-30T14:36:40.393340+00:00,"Verified active opening for Senior Backend Developer (Python) at MishiPay in Bengaluru, Karnataka, India. Posted 1 month ago on LinkedIn. Click to apply directly on company posting.","Verified active opening for Senior Backend Developer (Python) at MishiPay in Bengaluru, Karnataka, India. Posted 1 month ago on LinkedIn. Click to apply directly on company posting.",full-time,0-2 yrs,False,Senior Backend Developer (Python),"Bangalore, Karnataka, India",97.0,Offline (On-site),Linkedin,,"{'freshness_score': 95.0, 'source_confidence': 80.0, 'listing_quality_score': 85.0, 'risk_signals': []}",on-site,Not Disclosed,"{'skills': {'score': 30, 'max': 30}, 'role': {'score': 20, 'max': 20}, 'experience': {'score': 14, 'max': 15}, 'location': {'score': 10, 'max': 10}, 'education': {'score': 5, 'max': 5}, 'employment': {'score': 5, 'max': 5}, 'salary': {'score': 4, 'max': 5}, 'freshness': {'score': 5, 'max': 5}, 'requirements': {'score': 4, 'max': 5}}","Python, Fastapi",linkedin,"✓ Python, ✓ Fastapi, ✓ Target role match (Backend Developer), ✓ Offline fit: Bangalore, Karnataka, India at MishiPay, ✓ Education qualifications satisfied",Offline,rec_wf_2b328532d0_li_4448186752_7,97.0%,YES,https://in.linkedin.com/jobs/view/senior-backend-developer-python-at-mishipay-4448186752,2026-09-30T14:36:49.791002+00:00
https://www.arbeitnow.com/jobs/companies/unaice-gmbh/junior-backend-developer-python-20h-stellenbeschreibung-read-description-before-werther-140541,Werther (Remote),uNaice GmbH,arbeitnow.com,2026-09-30T10:00:42+00:00,"uNaice ist Pionier im Bereich der automatisierten Contentproduktion und automatisierten Datenaufbereitung und -anreicherung. Wir entwickeln Kunden, die sich auf der Welle der Digitalisierung befinden. Unsere Kunden sind u.A. Top-Player im E-Commerce wie adidas, Wago, TUI, C&A, aber auch Verlage wie Neue Westfälische Zeitung, Volksstimme und vor allem internationale Hersteller, mit sehr großen Datenmengen und Bedarf an internationalem Content. Unsere Arbeit versetzt die Pioniere der Branche in die Lage, automatisiert Daten und/ooder Content zu normieren, zu glätten, zu strukurieren und anzureichern und dies alles vollautomatisch. Kurz gesagt: Wir können aus Texten Datensätze mit Attributen und Attributswerten machen, oder aus Daten auf Knopfdruck unique, conversionstarke und SEO-relevante Produktbeschreibungen und Kategorieseiten erstellen und publizieren. Und das in 110 Sprachen. Zur Verstärkung unseres Teams suchen wir einen Entwickler/Developer für 20h in Festanstellung. Dein gemeldeter Wohnsitz ist in Deutschland. Du arbeitest auch in Deutschland. Dein Anschreiben wünschen wir uns in deutscher Sprache. Du sprichst Deutsch und Englisch fließend. Aufgaben Deine Aufgaben Als Junior Backend Developer, mit gleichzeitigen Kenntnissen in React, wirkst du aktiv mit bei der Weiterentwicklung unseres Backends rund um DataContentNaicer. Zu deinen Aufgaben gehören: Entwicklung und Wartung von Backend‑Services mit Python (z. B. REST / GraphQL APIs) Integration und Verarbeitung von Datenquellen (verschiedene Formate wie JSON, CSV, XML etc.) Aufbau und Optimierung von Datenpipelines & Datenmodellierung (Datenbereinigung, Attribut/Auswahl von Feature‑Parametern etc.) Zusammenarbeit mit dem Frontend-Team: Sicherstellen, dass APIs performant, stabil und gut dokumentiert sind Schreiben von Tests, Code Reviews und Mitarbeit in einem agilen Team Deployment, Monitoring und Troubleshooting von Backend-Komponenten Qualitätssicherung des Front-Ends in React Qualifikation Dein Profil Must-haves: Abgeschlossenes Informatik-Studium oder vergleichbar Sehr gute Kenntnisse in Python (z. B. mit Frameworks wie Flask, FastAPI oder Django) Gute Grundkenntnisse mit React Erfahrung mit API‑Design (REST oder GraphQL) Vertrautheit mit Datenformaten wie JSON, CSV, XML Grundkenntnisse in der Arbeit mit Datenbanken (relational oder NoSQL) Gute Problemlösefähigkeit und Lust, in einem wachstumsorientierten Produktteam mitzuarbeiten Gute Deutsch- und Englischkenntnisse in Wort und Schrift Nice-to-haves: Erfahrung mit Datenverarbeitungslibraries wie Pandas, NumPy etc. Erfahrung mit Automatisierung, Datenpipelines, ETL‑Prozessen Kenntnisse in Cloud‑Technologien (z. B. AWS, Azure oder vergleichbares) Erfahrung mit Versionierung (Git), CI/CD, Testing‑Frameworks Interesse an Textautomatisierung, semantischen Daten / Ontologien etc. Benefits Das bieten wir dir: Einflussreiche Rolle in einem zukunftsorientierten Produktteam bei einem innovationsgetriebenen Unternehmen Arbeiten an DataContentNaicer – einer Lösung, die echtes KI-Potential zur Datenoptimierung erschließt (bis zu 80 % Zeitersparnis, Attributerweiterungen, API‑Integration) Agile Arbeitsweise, offene Kommunikation und Raum für kreative Lösungen Flexible Arbeitsbedingungen und moderne Technologien Karriereperspektiven – Entwickle dich mit uns weiter und sammle wertvolle Erfahrungen für deine Zukunft. Remote arbeiten zu 100% Zeitsouveränes arbeiten: Du planst deine Arbeiten & Zeit grundsätzlich selbst, sie müssen jedoch in der Zusammenarbeit mit Kunden und Kollegen harmonieren (Zeitfenster, aus Erfahrung Mo-Fr 7-18 Uhr) Rahmenbedingungen & Vergütung Arbeitszeit: je nach Vereinbarung, idealerweise zwischen 20h, perspektifisch anwachsend. Vergütung: abhängig von Erfahrung und Qualifikation, es wird gemeinsam eine faire Lösung gefunden Vertrag: unbefristet, bezahlte Probearbeit mit Aufgabenpaketen möglich So bewirbst du dich: Deinen Lebenslauf Ein kurzes Anschreiben, in dem du erklärst, warum du Backend‑Entwicklung und speziell Python spannend findest und was du bisher gemacht hast Beispiele / Referenzen oder Codeprojekte, wenn vorhanden Wir arbeiten ausschließlich remote. Unsere Mitarbeiter sind verteilt an unterschiedlichen Orten in Deutschland. Remote bedeutet nicht unprofessionell. Wir setzen einen geeigneten Arbeitsraum voraus. Arbeiten “von der Bettkante” ist nicht unser Ding. Wir freuen uns auf Deine Bewerbung! Los gehts. Sende uns neben deinem aussagekräftigen Lebenslauf UND auch ein Anschreiben, das überzeugt. Wir freuen uns, dich dann zügig zu einem Web-Interview einzuladen.","uNaice ist Pionier im Bereich der automatisierten Contentproduktion und automatisierten Datenaufbereitung und -anreicherung. Wir entwickeln Kunden, die sich auf der Welle der Digitalisierung befinden. Unsere Kunden sind u.A. Top-Player im E-Commerce wie adidas, Wago, TUI, C&A, aber auch Verlage wie Neue Westfälische Zeitung, Volksstimme und vor allem internationale Hersteller, mit sehr großen Date",full-time,0-3 yrs,False,Junior Backend Developer (Python) (M/W/D) 20H Stellenbeschreibung Read Description Before,Werther (Remote),97.0,Online (Remote),Arbeitnow,,"{'freshness_score': 95.0, 'source_confidence': 90.0, 'listing_quality_score': 95.0, 'risk_signals': []}",remote,Not Disclosed,"{'skills': {'score': 30, 'max': 30}, 'role': {'score': 20, 'max': 20}, 'experience': {'score': 14, 'max': 15}, 'location': {'score': 10, 'max': 10}, 'education': {'score': 5, 'max': 5}, 'employment': {'score': 5, 'max': 5}, 'salary': {'score': 4, 'max': 5}, 'freshness': {'score': 5, 'max': 5}, 'requirements': {'score': 4, 'max': 5}}",Python,arbeitnow,"✓ Python, ✓ Fastapi, ✓ Target role match (Backend Developer), ✓ Online (Remote) fit: Werther (Remote) at uNaice GmbH, ✓ Education qualifications satisfied",Online,rec_wf_2b328532d0_abn_junior-backend-developer_8,97.0%,YES,https://www.arbeitnow.com/jobs/companies/unaice-gmbh/junior-backend-developer-python-20h-stellenbeschreibung-read-description-before-werther-140541,2026-09-30T14:36:49.801352+00:00
https://in.linkedin.com/jobs/view/back-end-software-engineer-core-java-at-light-wonder-4455303752,Bangalore,Light & Wonder,linkedin.com,2026-09-30T14:36:40.383751+00:00,"Verified active opening for Back-End Software Engineer - Core Java at Light & Wonder in Bengaluru, Karnataka, India. Posted 2 weeks ago on LinkedIn. Click to apply directly on company posting.","Verified active opening for Back-End Software Engineer - Core Java at Light & Wonder in Bengaluru, Karnataka, India. Posted 2 weeks ago on LinkedIn. Click to apply directly on company posting.",full-time,0-2 yrs,False,Back-End Software Engineer - Core Java,"Bangalore, Karnataka, India",83.0,Offline (On-site),Linkedin,⚠ Role title differs from target keywords,"{'freshness_score': 95.0, 'source_confidence': 80.0, 'listing_quality_score': 85.0, 'risk_signals': []}",on-site,Not Disclosed,"{'skills': {'score': 30, 'max': 30}, 'role': {'score': 6, 'max': 20}, 'experience': {'score': 14, 'max': 15}, 'location': {'score': 10, 'max': 10}, 'education': {'score': 5, 'max': 5}, 'employment': {'score': 5, 'max': 5}, 'salary': {'score': 4, 'max': 5}, 'freshness': {'score': 5, 'max': 5}, 'requirements': {'score': 4, 'max': 5}}","Python, Fastapi",linkedin,"✓ Python, ✓ Fastapi, ✓ Offline fit: Bangalore, Karnataka, India at Light & Wonder, ✓ Education qualifications satisfied, ✓ Full-Time employment type",Offline,rec_wf_2b328532d0_li_4455303752_9,83.0%,YES,https://in.linkedin.com/jobs/view/back-end-software-engineer-core-java-at-light-wonder-4455303752,2026-09-30T14:36:49.809986+00:00
https://in.linkedin.com/jobs/view/python-developer-at-mopid-4435211913,Bangalore,Mopid,linkedin.com,2026-09-30T14:36:40.385093+00:00,"Verified active opening for Python Developer at Mopid in Bengaluru, Karnataka, India. Posted 2 months ago on LinkedIn. Click to apply directly on company posting.","Verified active opening for Python Developer at Mopid in Bengaluru, Karnataka, India. Posted 2 months ago on LinkedIn. Click to apply directly on company posting.",full-time,0-2 yrs,False,Python Developer,"Bangalore, Karnataka, India",83.0,Offline (On-site),Linkedin,⚠ Role title differs from target keywords,"{'freshness_score': 95.0, 'source_confidence': 80.0, 'listing_quality_score': 85.0, 'risk_signals': []}",on-site,Not Disclosed,"{'skills': {'score': 30, 'max': 30}, 'role': {'score': 6, 'max': 20}, 'experience': {'score': 14, 'max': 15}, 'location': {'score': 10, 'max': 10}, 'education': {'score': 5, 'max': 5}, 'employment': {'score': 5, 'max': 5}, 'salary': {'score': 4, 'max': 5}, 'freshness': {'score': 5, 'max': 5}, 'requirements': {'score': 4, 'max': 5}}","Python, Fastapi",linkedin,"✓ Python, ✓ Fastapi, ✓ Offline fit: Bangalore, Karnataka, India at Mopid, ✓ Education qualifications satisfied, ✓ Full-Time employment type",Offline,rec_wf_2b328532d0_li_4435211913_10,83.0%,YES,https://in.linkedin.com/jobs/view/python-developer-at-mopid-4435211913,2026-09-30T14:36:49.814757+00:00
https://in.linkedin.com/jobs/view/java-developer-at-euphoric-thought-technologies-pvt-ltd-4461487136,Bangalore,Euphoric Thought Technologies Pvt. Ltd.,linkedin.com,2026-09-30T14:36:40.385808+00:00,"Verified active opening for Java Developer at Euphoric Thought Technologies Pvt. Ltd. in Bengaluru, Karnataka, India. Posted 3 weeks ago on LinkedIn. Click to apply directly on company posting.","Verified active opening for Java Developer at Euphoric Thought Technologies Pvt. Ltd. in Bengaluru, Karnataka, India. Posted 3 weeks ago on LinkedIn. Click to apply directly on company posting.",full-time,0-2 yrs,False,Java Developer,"Bangalore, Karnataka, India",83.0,Offline (On-site),Linkedin,⚠ Role title differs from target keywords,"{'freshness_score': 95.0, 'source_confidence': 80.0, 'listing_quality_score': 85.0, 'risk_signals': []}",on-site,Not Disclosed,"{'skills': {'score': 30, 'max': 30}, 'role': {'score': 6, 'max': 20}, 'experience': {'score': 14, 'max': 15}, 'location': {'score': 10, 'max': 10}, 'education': {'score': 5, 'max': 5}, 'employment': {'score': 5, 'max': 5}, 'salary': {'score': 4, 'max': 5}, 'freshness': {'score': 5, 'max': 5}, 'requirements': {'score': 4, 'max': 5}}","Python, Fastapi",linkedin,"✓ Python, ✓ Fastapi, ✓ Offline fit: Bangalore, Karnataka, India at Euphoric Thought Technologies Pvt. Ltd., ✓ Education qualifications satisfied, ✓ Full-Time employment type",Offline,rec_wf_2b328532d0_li_4461487136_11,83.0%,YES,https://in.linkedin.com/jobs/view/java-developer-at-euphoric-thought-technologies-pvt-ltd-4461487136,2026-09-30T14:36:49.819150+00:00
https://in.linkedin.com/jobs/view/back-end-developer-at-hire22-ai-4473205111,Bangalore,Hire22.ai,linkedin.com,2026-09-30T14:36:40.386182+00:00,"Verified active opening for Back End Developer at Hire22.ai in Bengaluru, Karnataka, India. Posted 1 day ago on LinkedIn. Click to apply directly on company posting.","Verified active opening for Back End Developer at Hire22.ai in Bengaluru, Karnataka, India. Posted 1 day ago on LinkedIn. Click to apply directly on company posting.",full-time,0-2 yrs,False,Back End Developer,"Bangalore, Karnataka, India",83.0,Offline (On-site),Linkedin,⚠ Role title differs from target keywords,"{'freshness_score': 95.0, 'source_confidence': 80.0, 'listing_quality_score': 85.0, 'risk_signals': []}",on-site,Not Disclosed,"{'skills': {'score': 30, 'max': 30}, 'role': {'score': 6, 'max': 20}, 'experience': {'score': 14, 'max': 15}, 'location': {'score': 10, 'max': 10}, 'education': {'score': 5, 'max': 5}, 'employment': {'score': 5, 'max': 5}, 'salary': {'score': 4, 'max': 5}, 'freshness': {'score': 5, 'max': 5}, 'requirements': {'score': 4, 'max': 5}}","Python, Fastapi",linkedin,"✓ Python, ✓ Fastapi, ✓ Offline fit: Bangalore, Karnataka, India at Hire22.ai, ✓ Education qualifications satisfied, ✓ Full-Time employment type",Offline,rec_wf_2b328532d0_li_4473205111_12,83.0%,YES,https://in.linkedin.com/jobs/view/back-end-developer-at-hire22-ai-4473205111,2026-09-30T14:36:49.824527+00:00
https://in.linkedin.com/jobs/view/sde-iii-at-sourcingxpress-4384583075,Bangalore,SourcingXPress,linkedin.com,2026-09-30T14:36:40.387081+00:00,"Verified active opening for SDE III at SourcingXPress in Bengaluru, Karnataka, India. Posted 6 months ago on LinkedIn. Click to apply directly on company posting.","Verified active opening for SDE III at SourcingXPress in Bengaluru, Karnataka, India. Posted 6 months ago on LinkedIn. Click to apply directly on company posting.",full-time,0-2 yrs,False,SDE III,"Bangalore, Karnataka, India",83.0,Offline (On-site),Linkedin,⚠ Role title differs from target keywords,"{'freshness_score': 95.0, 'source_confidence': 80.0, 'listing_quality_score': 85.0, 'risk_signals': []}",on-site,Not Disclosed,"{'skills': {'score': 30, 'max': 30}, 'role': {'score': 6, 'max': 20}, 'experience': {'score': 14, 'max': 15}, 'location': {'score': 10, 'max': 10}, 'education': {'score': 5, 'max': 5}, 'employment': {'score': 5, 'max': 5}, 'salary': {'score': 4, 'max': 5}, 'freshness': {'score': 5, 'max': 5}, 'requirements': {'score': 4, 'max': 5}}","Python, Fastapi",linkedin,"✓ Python, ✓ Fastapi, ✓ Offline fit: Bangalore, Karnataka, India at SourcingXPress, ✓ Education qualifications satisfied, ✓ Full-Time employment type",Offline,rec_wf_2b328532d0_li_4384583075_13,83.0%,YES,https://in.linkedin.com/jobs/view/sde-iii-at-sourcingxpress-4384583075,2026-09-30T14:36:49.832666+00:00
https://in.linkedin.com/jobs/view/software-engineer-at-sourcingxpress-4369069660,Bangalore,SourcingXPress,linkedin.com,2026-09-30T14:36:40.387403+00:00,"Verified active opening for Software Engineer at SourcingXPress in Bengaluru, Karnataka, India. Posted 7 months ago on LinkedIn. Click to apply directly on company posting.","Verified active opening for Software Engineer at SourcingXPress in Bengaluru, Karnataka, India. Posted 7 months ago on LinkedIn. Click to apply directly on company posting.",full-time,0-2 yrs,False,Software Engineer,"Bangalore, Karnataka, India",83.0,Offline (On-site),Linkedin,⚠ Role title differs from target keywords,"{'freshness_score': 95.0, 'source_confidence': 80.0, 'listing_quality_score': 85.0, 'risk_signals': []}",on-site,Not Disclosed,"{'skills': {'score': 30, 'max': 30}, 'role': {'score': 6, 'max': 20}, 'experience': {'score': 14, 'max': 15}, 'location': {'score': 10, 'max': 10}, 'education': {'score': 5, 'max': 5}, 'employment': {'score': 5, 'max': 5}, 'salary': {'score': 4, 'max': 5}, 'freshness': {'score': 5, 'max': 5}, 'requirements': {'score': 4, 'max': 5}}","Python, Fastapi",linkedin,"✓ Python, ✓ Fastapi, ✓ Offline fit: Bangalore, Karnataka, India at SourcingXPress, ✓ Education qualifications satisfied, ✓ Full-Time employment type",Offline,rec_wf_2b328532d0_li_4369069660_14,83.0%,YES,https://in.linkedin.com/jobs/view/software-engineer-at-sourcingxpress-4369069660,2026-09-30T14:36:49.839588+00:00
https://in.linkedin.com/jobs/view/software-engineer-java-developer-at-scientific-games-4462504590,Bangalore,SCIENTIFIC GAMES,linkedin.com,2026-09-30T14:36:40.392874+00:00,"Verified active opening for Software Engineer - Java Developer at SCIENTIFIC GAMES in Bengaluru, Karnataka, India. Posted 3 weeks ago on LinkedIn. Click to apply directly on company posting.","Verified active opening for Software Engineer - Java Developer at SCIENTIFIC GAMES in Bengaluru, Karnataka, India. Posted 3 weeks ago on LinkedIn. Click to apply directly on company posting.",full-time,0-2 yrs,False,Software Engineer - Java Developer,"Bangalore, Karnataka, India",83.0,Offline (On-site),Linkedin,⚠ Role title differs from target keywords,"{'freshness_score': 95.0, 'source_confidence': 80.0, 'listing_quality_score': 85.0, 'risk_signals': []}",on-site,Not Disclosed,"{'skills': {'score': 30, 'max': 30}, 'role': {'score': 6, 'max': 20}, 'experience': {'score': 14, 'max': 15}, 'location': {'score': 10, 'max': 10}, 'education': {'score': 5, 'max': 5}, 'employment': {'score': 5, 'max': 5}, 'salary': {'score': 4, 'max': 5}, 'freshness': {'score': 5, 'max': 5}, 'requirements': {'score': 4, 'max': 5}}","Python, Fastapi",linkedin,"✓ Python, ✓ Fastapi, ✓ Offline fit: Bangalore, Karnataka, India at SCIENTIFIC GAMES, ✓ Education qualifications satisfied, ✓ Full-Time employment type",Offline,rec_wf_2b328532d0_li_4462504590_15,83.0%,YES,https://in.linkedin.com/jobs/view/software-engineer-java-developer-at-scientific-games-4462504590,2026-09-30T14:36:49.844493+00:00
https://www.arbeitnow.com/jobs/companies/auxmoney-gmbh/remote-senior-software-engineer-it-risk-pricing-162821,Remote / Düsseldorf,Auxmoney Gmbh,arbeitnow.com,2026-09-30T11:09:55+00:00,"Your new team: As a Senior Software Engineer (m/f/d) at auxmoney, you’ll join our IT Risk & Pricing team, where we build backend systems and services that support risk decisioning, pricing, and data-driven product logic. The work is backend-heavy, involving complex technical problem-solving and close integration with data/analytics workflows. In this role, you’ll design and deliver impactful features, help evolve a scalable, resilient architecture, and take end-to-end ownership from concept through production. You’ll work closely with analysts/data scientists, product managers, and business stakeholders to ship high-quality solutions and continuously improve our engineering standards. If you are passionate about writing clean, maintainable code, solving complex technical challenges, and building software that delivers real value, this role offers the opportunity to make a meaningful impact. What you can expect: Architecture & System Design: Identify and address architectural limitations, make pragmatic trade-offs, and help evolve systems toward scalability, reliability, and long-term maintainability. Technical Leadership: Act as a trusted technical expert by promoting engineering best practices, facilitating technical discussions, and helping teams align on high-quality solutions. Engineering Quality: Build solutions that are secure, scalable, extensible, and cost-efficient while maintaining high coding and documentation standards. Execution & Delivery: Break down complex initiatives into manageable workstreams and deliver incremental value through iterative development. Impact & Knowledge Sharing: Champion engineering excellence, share knowledge proactively, and support the professional growth of colleagues. Collaboration & Problem Solving: Work closely with cross-functional stakeholders, actively contribute to design reviews, and address root causes of recurring technical challenges. Ownership & Mentorship: Take responsibility for challenging projects and guide team members through technical mentoring and hands-on support. Strategic Thinking & Growth Mindset: Balance short-term delivery with long-term system sustainability and continuously look for opportunities to improve technology, processes, and team effectiveness. Your profile Backend Engineering Expertise: Several years of hands-on backend development experience with preferably strong proficiency in PHP, particularly using the Symfony framework and Python. System & API Development: Proven experience designing, building, and maintaining robust backend systems in production environments, including strong expertise in developing and integrating RESTful APIs. SQL Expertise: Hands-on SQL experience in application development, with strong proficiency in relational data modelling (table design, keys, and constraints) and writing complex, performant queries to support business features. Cloud & DevOps Practices: Experience working with cloud platforms (preferably AWS) and modern DevOps practices such as CI/CD pipelines, containerization, and infrastructure automation. Experience with Docker and Kubernetes is highly valued. Event-Driven Architecture (Bonus): Familiarity with Kafka or similar event-driven messaging systems is considered a strong advantage. Testing & Quality Assurance: Solid understanding of automated testing strategies, including unit and integration testing, with a focus on delivering reliable and high-quality software aligned with overall quality standards. Product-Oriented Mindset: A strong focus on building solutions that deliver measurable value for users and business outcomes. Team & Communication Skills: Strong communication skills and a collaborative approach, with the ability to work effectively in cross-functional teams and contribute to a supportive engineering culture. Security & Compliance Awareness: A proactive approach to implementing security best practices and ensuring compliance throughout the software development lifecycle. Language Skills: Fluent written and spoken English. What we offer: Flexibility for Your Lifestyle: Enjoy family-friendly working hours and a generous home office policy, allowing you to stay agile and flexible in any situation. Ergonomic Work Environment: For your office days, we provide ergonomic workstations that offer you a comfortable and healthy workspace. Independent Work: With short decision-making paths, we enable you to work autonomously and actively contribute your ideas – we provide space for you to take on responsibility. Grow with Us: Unlock your potential with numerous opportunities for growth and development, along with an annual development budget to help you achieve your professional and personal goals. Team Spirit: Team spirit is important to us – we regularly host events and parties where fun is guaranteed. Mobility Your Way: Whether you prefer a train ticket or parking – we support your choice of preferred mobility. Stay Active: Keep fit with a discounted membership at Fitness First or Urban Sports Club, or use our in-house fitness room to stay active after work and enhance your work-life balance. Secure Your Future: Think about your future – we offer subsidies for company pension plans so you can plan long-term with us. Tailored Benefits: We consider your personal life situation – whether you're a parent or love to travel, we offer customized benefits to suit your lifestyle. For us as an employer, equal opportunities and diversity are especially important. Therefore, we welcome applications from mothers, fathers, people with disabilities and people from the LGBTQIA+ community. Please feel free to let us know if, for example, you would like us to use a gender-neutral pronoun, if you need barrier-free access to our office, or if you would like us to allow more time for the application process.","Your new team: As a Senior Software Engineer (m/f/d) at auxmoney, you’ll join our IT Risk & Pricing team, where we build backend systems and services that support risk decisioning, pricing, and data-driven product logic. The work is backend-heavy, involving complex technical problem-solving and close integration with data/analytics workflows. In this role, you’ll design and deliver impactful featu",full-time,0-3 yrs,False,Senior Software Engineer – IT Risk & Pricing (m/f/d),Remote / Düsseldorf,68.0,Online (Remote),Arbeitnow,"⚠ Fastapi not explicitly emphasized, ⚠ Role title differs from target keywords","{'freshness_score': 95.0, 'source_confidence': 90.0, 'listing_quality_score': 95.0, 'risk_signals': []}",remote,Not Disclosed,"{'skills': {'score': 15, 'max': 30}, 'role': {'score': 6, 'max': 20}, 'experience': {'score': 14, 'max': 15}, 'location': {'score': 10, 'max': 10}, 'education': {'score': 5, 'max': 5}, 'employment': {'score': 5, 'max': 5}, 'salary': {'score': 4, 'max': 5}, 'freshness': {'score': 5, 'max': 5}, 'requirements': {'score': 4, 'max': 5}}","Python, Engineering",arbeitnow,"✓ Python, ✓ Online (Remote) fit: Remote / Düsseldorf at Auxmoney Gmbh, ✓ Education qualifications satisfied, ✓ Full-Time employment type, ✓ Fresh posting (< 24h old)",Online,rec_wf_2b328532d0_abn_remote-senior-software-e_16,68.0%,YES,https://www.arbeitnow.com/jobs/companies/auxmoney-gmbh/remote-senior-software-engineer-it-risk-pricing-162821,2026-09-30T14:36:49.852050+00:00
https://job-boards.greenhouse.io/gitlab/jobs/8722304002,Bangalore,GitLab,gitlab.com,2026-09-29T10:38:50-04:00,"Verified live opening for Intermediate Backend Engineer - Database Change Management at GitLab. Department: Engineering. Location: Bangalore, India. Apply directly on official Greenhouse ATS.","Verified live opening for Intermediate Backend Engineer - Database Change Management at GitLab. Department: Engineering. Location: Bangalore, India. Apply directly on official Greenhouse ATS.",full-time,0-5 yrs,False,Intermediate Backend Engineer - Database Change Management,"Bangalore, Karnataka, India",67.0,Offline (On-site),Greenhouse,"⚠ Python not explicitly emphasized, ⚠ Fastapi not explicitly emphasized","{'freshness_score': 95.0, 'source_confidence': 98.0, 'listing_quality_score': 85.0, 'risk_signals': []}",on-site,Not Disclosed,"{'skills': {'score': 0, 'max': 30}, 'role': {'score': 20, 'max': 20}, 'experience': {'score': 14, 'max': 15}, 'location': {'score': 10, 'max': 10}, 'education': {'score': 5, 'max': 5}, 'employment': {'score': 5, 'max': 5}, 'salary': {'score': 4, 'max': 5}, 'freshness': {'score': 5, 'max': 5}, 'requirements': {'score': 4, 'max': 5}}","Software Engineering, Systems Architecture","greenhouse, company-careers","✓ Target role match (Backend Developer), ✓ Offline fit: Bangalore, Karnataka, India at GitLab, ✓ Education qualifications satisfied, ✓ Full-Time employment type, ✓ Fresh posting (< 24h old)",Offline,rec_wf_2b328532d0_gh_gitlab_8722304002_17,67.0%,YES,https://job-boards.greenhouse.io/gitlab/jobs/8722304002,2026-09-30T14:36:49.858146+00:00
https://job-boards.greenhouse.io/gitlab/jobs/8775507002,Bangalore,GitLab,gitlab.com,2026-09-29T10:38:50-04:00,"Verified live opening for Intermediate Backend Engineer, India at GitLab. Department: Engineering. Location: Bangalore, India. Apply directly on official Greenhouse ATS.","Verified live opening for Intermediate Backend Engineer, India at GitLab. Department: Engineering. Location: Bangalore, India. Apply directly on official Greenhouse ATS.",full-time,0-5 yrs,False,"Intermediate Backend Engineer, India","Bangalore, Karnataka, India",67.0,Offline (On-site),Greenhouse,"⚠ Python not explicitly emphasized, ⚠ Fastapi not explicitly emphasized","{'freshness_score': 95.0, 'source_confidence': 98.0, 'listing_quality_score': 85.0, 'risk_signals': []}",on-site,Not Disclosed,"{'skills': {'score': 0, 'max': 30}, 'role': {'score': 20, 'max': 20}, 'experience': {'score': 14, 'max': 15}, 'location': {'score': 10, 'max': 10}, 'education': {'score': 5, 'max': 5}, 'employment': {'score': 5, 'max': 5}, 'salary': {'score': 4, 'max': 5}, 'freshness': {'score': 5, 'max': 5}, 'requirements': {'score': 4, 'max': 5}}","Software Engineering, Systems Architecture","greenhouse, company-careers","✓ Target role match (Backend Developer), ✓ Offline fit: Bangalore, Karnataka, India at GitLab, ✓ Education qualifications satisfied, ✓ Full-Time employment type, ✓ Fresh posting (< 24h old)",Offline,rec_wf_2b328532d0_gh_gitlab_8775507002_18,67.0%,YES,https://job-boards.greenhouse.io/gitlab/jobs/8775507002,2026-09-30T14:36:49.869537+00:00
https://job-boards.greenhouse.io/gitlab/jobs/8775136002,Bangalore,GitLab,gitlab.com,2026-09-29T10:38:50-04:00,"Verified live opening for Senior Backend Engineer, India at GitLab. Department: Engineering. Location: Bangalore, India. Apply directly on official Greenhouse ATS.","Verified live opening for Senior Backend Engineer, India at GitLab. Department: Engineering. Location: Bangalore, India. Apply directly on official Greenhouse ATS.",full-time,0-5 yrs,False,"Senior Backend Engineer, India","Bangalore, Karnataka, India",67.0,Offline (On-site),Greenhouse,"⚠ Python not explicitly emphasized, ⚠ Fastapi not explicitly emphasized","{'freshness_score': 95.0, 'source_confidence': 98.0, 'listing_quality_score': 85.0, 'risk_signals': []}",on-site,Not Disclosed,"{'skills': {'score': 0, 'max': 30}, 'role': {'score': 20, 'max': 20}, 'experience': {'score': 14, 'max': 15}, 'location': {'score': 10, 'max': 10}, 'education': {'score': 5, 'max': 5}, 'employment': {'score': 5, 'max': 5}, 'salary': {'score': 4, 'max': 5}, 'freshness': {'score': 5, 'max': 5}, 'requirements': {'score': 4, 'max': 5}}","Software Engineering, Systems Architecture","greenhouse, company-careers","✓ Target role match (Backend Developer), ✓ Offline fit: Bangalore, Karnataka, India at GitLab, ✓ Education qualifications satisfied, ✓ Full-Time employment type, ✓ Fresh posting (< 24h old)",Offline,rec_wf_2b328532d0_gh_gitlab_8716143002_19,67.0%,YES,https://job-boards.greenhouse.io/gitlab/jobs/8775136002,2026-09-30T14:36:49.876610+00:00
https://job-boards.greenhouse.io/gitlab/jobs/8716271002,Bangalore,GitLab,gitlab.com,2026-09-29T10:38:50-04:00,"Verified live opening for Staff Backend Engineer - Database Change Management at GitLab. Department: Engineering. Location: Bangalore, India. Apply directly on official Greenhouse ATS.","Verified live opening for Staff Backend Engineer - Database Change Management at GitLab. Department: Engineering. Location: Bangalore, India. Apply directly on official Greenhouse ATS.",full-time,0-5 yrs,False,Staff Backend Engineer - Database Change Management,"Bangalore, Karnataka, India",67.0,Offline (On-site),Greenhouse,"⚠ Python not explicitly emphasized, ⚠ Fastapi not explicitly emphasized","{'freshness_score': 95.0, 'source_confidence': 98.0, 'listing_quality_score': 85.0, 'risk_signals': []}",on-site,Not Disclosed,"{'skills': {'score': 0, 'max': 30}, 'role': {'score': 20, 'max': 20}, 'experience': {'score': 14, 'max': 15}, 'location': {'score': 10, 'max': 10}, 'education': {'score': 5, 'max': 5}, 'employment': {'score': 5, 'max': 5}, 'salary': {'score': 4, 'max': 5}, 'freshness': {'score': 5, 'max': 5}, 'requirements': {'score': 4, 'max': 5}}","Software Engineering, Systems Architecture","greenhouse, company-careers","✓ Target role match (Backend Developer), ✓ Offline fit: Bangalore, Karnataka, India at GitLab, ✓ Education qualifications satisfied, ✓ Full-Time employment type, ✓ Fresh posting (< 24h old)",Offline,rec_wf_2b328532d0_gh_gitlab_8716271002_20,67.0%,YES,https://job-boards.greenhouse.io/gitlab/jobs/8716271002,2026-09-30T14:36:49.883376+00:00
https://www.arbeitnow.ch/jobs/companies/share/remote-network-developer-269751,Remote (Remote),Share,arbeitnow.com,2026-09-29T11:40:13+00:00,"Senior Network Developer About Share Share is the global marketplace for bandwidth. We aggregate telco infrastructure across Africa (fiber routes, subsea capacity, data centers, cloud on-ramps) into a single intelligence layer. That lets ISPs, hyperscalers and AI companies get connectivity where they need it in seconds, not months. Today, bandwidth is bought and sold through slow, private, one-off deals, with almost no price transparency. We're replacing that with one neutral exchange: an API on top of real infrastructure, with prices set by actual supply and demand. It's already live across East Africa, with thousands of kilometers of fiber, 12 infrastructure providers, 10 data centers, and around 8 million people served. The Role Our network is the foundation of the product. Every route a customer provisions through our API has to exist, perform and stay up on real hardware. We're hiring a Senior Network Developer to design and build that network as software: a distributed, multi-provider fabric that engineers change through code, not by logging into devices. You'll own the network architecture end to end. That covers our BGP edge (transit, peering at KIXP and LINX, private interconnects with hyperscalers), the backbone, and the PoPs and data centers we're adding across the continent. You'll set the standards our network is built to, which partner ISPs connecting to us will inherit. As we grow, you'll also help build the network engineering team. What you'll do Design the backbone and PoP architecture as standard, repeatable building blocks, from edge to data center, so we can add capacity and new markets without redesigning each time. Drive our move to Segment Routing and a clean IP architecture, including IPv4 reuse, IPv6, and how customer and internal address space coexist. Build on disaggregated white-box hardware (Edgecore with IP Infusion OcNOS today), and make the hardware and software calls that keep us fast and affordable. Turn operations into software. That means a source of truth (Nautobot), templated config (Jinja), and CI/CD with validation, staged rollouts and rollback for every change. Build the telemetry and observability that show what the network is really doing. Use AI where it actually helps: anomaly detection, automated triage, and auto-remediation with a human in the loop. Own availability. Limit how much any failure can affect, mitigate first and diagnose second, and turn post-mortems into fixes in the system. Work with our software team on the API and provisioning layer that exposes the network to customers, and with partner ISPs' engineers on the hand-off. Help hire and develop the engineers who'll run this with you. Our Ideal Candidate 8+ years building and operating large networks at a hyperscaler, CDN, internet exchange, carrier or ISP. Deep BGP at scale: route policy, communities, RPKI, traffic engineering, peering and transit. Strong data center and backbone design. You know Clos/EVPN-VXLAN fabrics and MPLS or Segment Routing, and when each makes sense. Hands-on with white-box or disaggregated networking, including choosing hardware and knowing where the silicon limits you. You treat the network as code. You write automation yourself (Python or similar), and you've built or run the pipelines, source of truth and telemetry that make that safe. You've owned availability for something that couldn't go down, and can walk us through a real incident: what broke, how you found it, and what you changed. AI-native in how you work. You've built with these tools, not just used them, and you have a view on where they help in operations and where they don't. You think like an owner. You bring ideas, not tickets, and you want to help build a team, not just a network. A clear, direct communicator who's comfortable with partners' engineers and with our founders. Nice to have Experience at an internet exchange, or running peering at scale. Open networking stacks like SONiC, OcNOS or FRR, or contributions to them. Streaming telemetry (gNMI/gRPC, sFlow), and building your own monitoring tooling. 400G/800G and optical (ZR) deployments, including vendor selection and certification. Access networks (GPON/XGS-PON) and MikroTik or Huawei gear, since many partner ISPs run it. Building networks in emerging markets such as Africa or Latin America. DDoS mitigation at the edge. If you don't tick every box but have built and run large networks in production, apply anyway. Compensation & Benefits Competitive salary and meaningful equity in a venture-backed company (US-incorporated, with a Kenya operating entity)","Senior Network Developer About Share Share is the global marketplace for bandwidth. We aggregate telco infrastructure across Africa (fiber routes, subsea capacity, data centers, cloud on-ramps) into a single intelligence layer. That lets ISPs, hyperscalers and AI companies get connectivity where they need it in seconds, not months. Today, bandwidth is bought and sold through slow, private, one-off",full-time,0-3 yrs,False,Network Developer,Remote (Remote),67.0,Online (Remote),Arbeitnow,"⚠ Fastapi not explicitly emphasized, ⚠ Role title differs from target keywords","{'freshness_score': 95.0, 'source_confidence': 90.0, 'listing_quality_score': 95.0, 'risk_signals': []}",remote,Not Disclosed,"{'skills': {'score': 15, 'max': 30}, 'role': {'score': 6, 'max': 20}, 'experience': {'score': 14, 'max': 15}, 'location': {'score': 10, 'max': 10}, 'education': {'score': 5, 'max': 5}, 'employment': {'score': 5, 'max': 5}, 'salary': {'score': 4, 'max': 5}, 'freshness': {'score': 4, 'max': 5}, 'requirements': {'score': 4, 'max': 5}}",Network Engineering,arbeitnow,"✓ Python, ✓ Online (Remote) fit: Remote (Remote) at Share, ✓ Education qualifications satisfied, ✓ Full-Time employment type",Online,rec_wf_2b328532d0_abn_remote-network-developer_21,67.0%,YES,https://www.arbeitnow.ch/jobs/companies/share/remote-network-developer-269751,2026-09-30T14:36:49.889842+00:00
https://www.arbeitnow.ch/jobs/companies/camunda/remote-senior-software-engineer-quality-4113,Remote (Remote),Camunda,arbeitnow.com,2026-09-28T23:40:08+00:00,"Camunda is the enterprise platform for agentic orchestration , enabling organizations to coordinate AI agents, people, and systems across complex, end-to-end business processes. With built-in governance, auditability, and human oversight, Camunda gives enterprises the control they need to move AI from pilots to production — safely and at scale. Trusted by over 700 organizations worldwide , including 9 of top 10 US banks, Camunda helps enterprises boost operational efficiency, accelerate time-to-value, and deliver better customer experiences. Fully remote and global, we are in the middle of something bigger: transforming into an AI-first organisation, built on our own platform . We use Agentic AI to automate, orchestrate intelligent processes, and elevate human contribution across every team. Named GP Bullhound’s Top 100 Next Unicorn list, 2025 Great Place to Work certified. Visionary in 2025 Gartner® Magic Quadrant™ for Business Orchestration and Automation Technologies. ranked 3rd in Flexa's 2026 Most Flexible Companies , We’re growing fast and looking for top talent to join our team. If you want meaningful work, visible impact and put something genuinely rare on your CV, keep reading. About the role: We're hiring a Senior Software Engineer, Quality to build the agentic layer of how Camunda tests its software. We treat quality as an engineering discipline. We build test infrastructure the way we build our product — real design decisions, real trade-offs, real ownership. What's changing is how that work gets done: we're moving from hand-written test suites toward agents that design, generate, maintain and triage tests across the lifecycle. We need someone to build both the agents and the infrastructure that makes them dependable, and to help shape our Quality AI strategy. You'll support product teams that ship features without dedicated QA. Your job is not to become their testing safety net. It's to build the tooling and practices that let builders own quality themselves — and to stay close enough to real features to know where that tooling breaks. Camunda also ships AI capabilities in its own product, so the evaluation practice you build for agent-driven testing feeds directly into how we test non-deterministic features. You'll join colleagues who live our FAITH values: Focus, Ambition, Integrity, Talent and Humor. Curious about the kind of challenges you'll work on at Camunda? Watch this quick 30-minute talk from our engineers to learn more about the new Camunda Exporter and how we’re solving complex problems at scale What You’ll Be Doing: Build and operate agents across the testing lifecycle — test design, generation, maintenance, execution and failure triage. Own the infrastructure that makes agent-driven testing reliable: environments, test data, tool interfaces, guardrails, runtime and cost control. Define how we measure agent output quality, so teams can trust results instead of hand-reviewing them. Apply that evaluation practice to testing Camunda 8's own AI capabilities. Work hands-on with new features as teams build them, enough to keep the tooling honest. Raise the quality capability of teams — patterns, tooling, enablement. Success is what builders can do themselves, not the number of tests you wrote. What You Bring: Ability and/or willingness to use our product 5+ years as a software engineer. You write production code daily and would be credible on a product team; quality is your domain, not a step down from development. Production experience building test infrastructure, developer tooling or internal platforms that other engineers depend on — designed and owned, not just extended. Hands-on work with LLMs or agent frameworks: prompt and context design, tool use, handling non-determinism, and evaluating output quality. This is the differentiator for the role. Comfort with distributed systems and CI at scale. Camunda 8 is a process orchestration platform; testing it means reasoning about concurrency, state and timing. The ability to drive adoption in teams that don't report to you. You've built something another team chose to use, and you know what to do when the first version isn't picked up. Nice-to-haves: Experience evaluating or benchmarking LLM systems. Open-source contribution experience. Java, TypeScript or Python; Kubernetes and Helm. Background in developer tooling or platform engineering. This role is an existing vacancy #LI-AG1 #LI-Remote #USEAST What We Have to Offer: Compensation We offer competitive, fair, and transparent compensation. Salary ranges are location-based, with Standard and Major markets (global tech hubs) reflecting local competition. The Annual Total Target Cash (base salary + 100% variable target, where applicable) shown below spans from the minimum in a Standard market to the maximum in a Major market. Final offers depend on skills , experience , and location , and we typically hire in the first half of the range to allow room for growth: United States: $143,800.00 to $231,900.00 United Kingdom: £90,300.00 to £148,500.00 Singapore: S$178,600.00 to S$267,900.00 Canada: C$152,700.00 to C$251,200.00 If you’re based elsewhere, you’ll be hired via Remote.com (our global employer partner), and your Talent Acquisition Partner will provide a personalized Total Rewards Calculator after your first interview. Equity: We also offer equity (where applicable) through our Virtual Stock Option Plan (VSOP) . Benefits & Perks We invest in your wellbeing, growth, and ability to connect, along with perks that support you no matter where you’re based. Our benefits are globally designed and locally delivered where applicable. Remote & Flexible: Work from anywhere with the setup that suits you, home office budget, co-working space support, and flexible time off to recharge when you need it. In Person Connection: We invest in meaningful face time through our Annual Kickoff (Vienna in 2025, Madrid in 2026!), team offsites, and Camundi Connection Budgets , including contributing to meetups while travelling,, and local gatherings with fellow Camundi. Health & Wellbeing: Access locally tailored healthcare, Modern Health for global mental wellbeing, and our Live Well Lifestyle Spending Account (LSA), a flexible, global benefit that puts you in control of your whole life, not just work, from: staying active, to caring for family, exploring personal passions, meaningful experiences, and investing in your financial wellbeing. The Live Well program launches in 2026 and scales to €1,000 annually from 2027 . Financial Security: Retirement and pension plans (often with company contributions), plus life and disability insurance where relevant. Professional Growth: Up to $/€/£1,000 per year for self-driven learning: courses, certifications, books, you decide! AI in our hiring process : Camunda may use AI tools to aid the screening of applications and during the interview process. You can learn more here ”Everyone is welcome at Camunda” — it’s a celebrated component of our culture. We strive to create an inclusive environment that empowers our people. At Camunda, we honour diverse cultures and backgrounds and are proud to be an equal opportunity employer. All qualified applicants will receive consideration without regard to gender, race, ethnicity, religion, belief, sexual orientation, age, disability or any other protected characteristics under applicable law. We are looking forward to your application! Come join us and be part of Camunda’s incredible journey: Make an impact at a pivotal moment in our story! Please be aware that scammers may impersonate Camunda by reaching out about job opportunities. Camunda will only contact candidates from an email address ending in @ camunda.com or @ talent.camunda.com . We will never ask candidates for bank account details, checks, payment, or other sensitive financial information as part of our hiring process. If you receive a suspicious message, please do not respond, click any links, or share personal information. Note for recruiting and placement agencies: Camunda does not accept unsolicited agency resumes. Please do not forward resumes to our careers site, employees, or any other Camunda contact unless we have specifically engaged your firm for that search. Camunda will not pay fees related to unsolicited resumes.","Camunda is the enterprise platform for agentic orchestration , enabling organizations to coordinate AI agents, people, and systems across complex, end-to-end business processes. With built-in governance, auditability, and human oversight, Camunda gives enterprises the control they need to move AI from pilots to production — safely and at scale. Trusted by over 700 organizations worldwide , includi",full-time,0-3 yrs,False,"Senior Software Engineer, Quality",Remote (Remote),67.0,Online (Remote),Arbeitnow,"⚠ Fastapi not explicitly emphasized, ⚠ Role title differs from target keywords","{'freshness_score': 95.0, 'source_confidence': 90.0, 'listing_quality_score': 95.0, 'risk_signals': [""Potential risk detected: Mentions 'pay fee'""]}",remote,Not Disclosed,"{'skills': {'score': 15, 'max': 30}, 'role': {'score': 6, 'max': 20}, 'experience': {'score': 14, 'max': 15}, 'location': {'score': 10, 'max': 10}, 'education': {'score': 5, 'max': 5}, 'employment': {'score': 5, 'max': 5}, 'salary': {'score': 4, 'max': 5}, 'freshness': {'score': 4, 'max': 5}, 'requirements': {'score': 4, 'max': 5}}",Products,arbeitnow,"✓ Python, ✓ Online (Remote) fit: Remote (Remote) at Camunda, ✓ Education qualifications satisfied, ✓ Full-Time employment type",Online,rec_wf_2b328532d0_abn_remote-senior-software-e_22,67.0%,YES,https://www.arbeitnow.ch/jobs/companies/camunda/remote-senior-software-engineer-quality-4113,2026-09-30T14:36:49.900121+00:00
https://www.arbeitnow.ch/jobs/companies/nozominetworks/fullstack-software-engineer-347094,None,nozominetworks,arbeitnow.com,2026-09-28T08:55:07+00:00,"Now is an amazing time to join Nozomi Networks as we build the future of OT and IoT cybersecurity. We defend some of the world’s largest organizations and critical infrastructure in more than 68 countries and we’re just getting started. Our AI-powered cybersecurity platform secures operational technology (OT) and Internet of Things (IoT) infrastructures for enterprises and government entities across energy, manufacturing, transportation, resources, and critical infrastructure. Now is an amazing time to join Nozomi Networks as we build the future of OT and IoT cybersecurity. We defend some of the world’s largest organizations and critical infrastructure in more than 68 countries and we’re just getting started. Our AI-powered cybersecurity platform secures operational technology (OT) and Internet of Things (IoT) infrastructures for enterprises and government entities across energy, manufacturing, transportation, resources, and critical infrastructure. Nozomi Networks is hiring a seasoned Software Engineer to join its expanding team. In this role, you'll design and implement features, you'll help reduce tech debt, support team processes, and contribute to overall success in a fast-paced, agile environment. You'll also get to take ownership of user-facing features from inception to release. Key skills include strong software design, experience with algorithms and data structures, building scalable distributed systems, and familiarity with automated testing. We’re looking for strong coding skills and fluency in programming languages. You could be the next ""Nozomier""! If this sounds like you, read on. In this role you will: Contribute to the development and design of our solutions Design and implement using available technologies whilst taking the initiative to learn new ones Design and implement medium to large size features while reducing the system’s tech debt Proactively support colleagues to achieve overall team success Champion the team processes, ensuring everybody understands the benefits and tradeoffs Make a positive impact on the whole team Embody the Nozomi Networks Cultural Pillars and our mission to protect what matters most with transparency and trust Work in a fast-paced, agile environment Have the opportunity to wear different hats and to take ownership of user-facing features from inception to release and beyond To be successful in this opportunity, you will have: Proven extensive experience in at least one of the following languages: Ruby, Golang, C++ or Python Javascript/Typescript and React experience is highly valuable PostgreSQL knowledge is highly valuable Networking knowledge (TCP/IP, UDP, …) is highly valuable Automated Testing experience (TDD, BDD, etc) Field experience with Agile Methodologies Ability to operate in settings with strong confidentiality and data privacy protocols #LI-Hybrid Who we are and what we stand for: Nozomi Networks is the leader in OT and IoT Cybersecurity. We protect the world's critical infrastructure, industrial and government organizations from cyber threats by providing exceptional network visibility, threat detection and operational insight. We’re always innovating and we hire the best at what they do to ensure our customers always have access to fast product enhancements, exceptional engineering support and rapid deployment across continents. If you like a challenge, and value integrity and customer success, we invite you to help Nozomi Networks build the future of OT and IoT cybersecurity. Diversity, Inclusion and Belonging are part of our core beliefs, at Nozomi Networks. Diversity of thought, background and culture broadens our knowledge of the world and helps us learn, grow, and gain new perspectives. What makes us all different is what makes us powerful. Our Global Benefits All of our benefits are customized to the country you are based in, naturally we want to get the best out of our Nozomiers, so we provide the best benefits packages, such as: Health & Wellness Financial Work-Life Balance Unparalleled Flexible Time-Off Need to know information Successful candidates will be subjected to background verification checks. Be cautious of unsolicited messages, fake email addresses, requests for money and unclear job descriptions. Report suspicious activity to authorities. Our open job opportunities and descriptions are posted on Nozomi Networks' career page. If in any doubt please apply for opportunities on our careers website here . If you would like to know more about our Privacy Policy, please click here . Any questions about how we process personal information, or if you would like help exercising your privacy rights please contact us using the email provided within the Privacy Policy.",Now is an amazing time to join Nozomi Networks as we build the future of OT and IoT cybersecurity. We defend some of the world’s largest organizations and critical infrastructure in more than 68 countries and we’re just getting started. Our AI-powered cybersecurity platform secures operational technology (OT) and Internet of Things (IoT) infrastructures for enterprises and government entities acro,full-time,0-3 yrs,False,Fullstack Software Engineer,Remote / Unspecified,67.0,Online (Remote),Arbeitnow,"⚠ Fastapi not explicitly emphasized, ⚠ Role title differs from target keywords","{'freshness_score': 95.0, 'source_confidence': 90.0, 'listing_quality_score': 95.0, 'risk_signals': []}",remote,Not Disclosed,"{'skills': {'score': 15, 'max': 30}, 'role': {'score': 6, 'max': 20}, 'experience': {'score': 14, 'max': 15}, 'location': {'score': 10, 'max': 10}, 'education': {'score': 5, 'max': 5}, 'employment': {'score': 5, 'max': 5}, 'salary': {'score': 4, 'max': 5}, 'freshness': {'score': 4, 'max': 5}, 'requirements': {'score': 4, 'max': 5}}",Engineering,arbeitnow,"✓ Python, ✓ Online (Remote) fit: Remote / Unspecified at nozominetworks, ✓ Education qualifications satisfied, ✓ Full-Time employment type",Online,rec_wf_2b328532d0_abn_fullstack-software-engin_23,67.0%,YES,https://www.arbeitnow.ch/jobs/companies/nozominetworks/fullstack-software-engineer-347094,2026-09-30T14:36:49.908115+00:00
https://remoteOK.com/remote-jobs/remote-sr-solutions-architect-extrahop-1137394,Remote,ExtraHop,remoteok.com,2026-09-15T00:00:26+00:00,"At ExtraHop, weâre on a mission to protect and empower the connected enterprise. We reveal what is happening in the very infrastructure that sustains businesses, lives, and communities, and ensure the integrity of networks, data, systems, and processes. Organizations rely on ExtraHop to provide visibility into the cyber threats, vulnerabilities, and network performance issues that evade their existing security and IT tools. With this insight, organizations can investigate smarter, stop threats faster, and keep operations running. Our mission is fueled by a profound social and moral responsibility to be the best at what we do, ensuring a secure world where everyone can thrive. If this sounds like a place youâd like to spend the next chapter of your career, weâd love to hear from you. Position Summary ExtraHopâs Solutions Architecture team is very different from many other post-sales services practicesâwe focus on outcomes and customer success rather than racking up billable hours. As a member of our Solutions Architecture team, youâll play a critical role in the success of our customers, products and position in the marketplace. Our Architects tackle the most difficult business and technology problems across a vast array of industries and technologies. As a Solutions Architect at ExtraHop, you will never be bored again. Key Responsibilities - Advanced GUI development - Advanced Trigger Script development - Intermediate external REST API script development - Intermediate understanding of networking - Intermediate understanding of application design - Analyze customer network topologies and application stacks; develop strategies to acquire high-value data from the wire. - Profile industry-specific applications across a broad range of verticals; create technical assets and written collateral to support product improvement and marketing efforts. - Conduct root cause analysis of high-profile technology problems and advise customers on their resolution. - Develop custom tools using Python and JavaScript-based APIs to extend the functionality of the E Please mention the word **ILLUMINATE** and tag RMTAzLjgyLjQxLjE5Mg== when applying to show you read the job post completely (#RMTAzLjgyLjQxLjE5Mg==). This is a beta feature to avoid spam applicants. Companies can search these words to find applicants that read this and see they're human.","At ExtraHop, weâre on a mission to protect and empower the connected enterprise. We reveal what is happening in the very infrastructure that sustains businesses, lives, and communities, and ensure the integrity of networks, data, systems, and processes. Organizations rely on ExtraHop to provide visibility into the cyber threats, vulnerabilities, and network performance issues that evade their ex",full-time,0-3 yrs,False,Sr Solutions Architect,Remote,66.0,Online (Remote),Remoteok,"⚠ Fastapi not explicitly emphasized, ⚠ Role title differs from target keywords","{'freshness_score': 80.0, 'source_confidence': 80.0, 'listing_quality_score': 95.0, 'risk_signals': []}",remote,Not Disclosed,"{'skills': {'score': 15, 'max': 30}, 'role': {'score': 6, 'max': 20}, 'experience': {'score': 14, 'max': 15}, 'location': {'score': 10, 'max': 10}, 'education': {'score': 5, 'max': 5}, 'employment': {'score': 5, 'max': 5}, 'salary': {'score': 4, 'max': 5}, 'freshness': {'score': 3, 'max': 5}, 'requirements': {'score': 4, 'max': 5}}","Architecture, Design, Infosec, Python",remoteok,"✓ Python, ✓ Online (Remote) fit: Remote at ExtraHop, ✓ Education qualifications satisfied, ✓ Full-Time employment type",Online,rec_wf_2b328532d0_rok_1137394_24,66.0%,YES,https://remoteOK.com/remote-jobs/remote-sr-solutions-architect-extrahop-1137394,2026-09-30T14:36:49.915988+00:00
https://job-boards.greenhouse.io/hackerrank/jobs/7693789,Bangalore,HackerRank,hackerrank.com,2026-08-24T06:10:21-04:00,"Verified live opening for Senior Backend Engineer at HackerRank. Department: Engineering. Location: Hybrid in Bangalore, India. Apply directly on official Greenhouse ATS.","Verified live opening for Senior Backend Engineer at HackerRank. Department: Engineering. Location: Hybrid in Bangalore, India. Apply directly on official Greenhouse ATS.",full-time,0-5 yrs,False,Senior Backend Engineer,Bangalore (Hybrid),65.0,Hybrid (Flexible),Greenhouse,"⚠ Python not explicitly emphasized, ⚠ Fastapi not explicitly emphasized","{'freshness_score': 80.0, 'source_confidence': 98.0, 'listing_quality_score': 85.0, 'risk_signals': []}",hybrid,Not Disclosed,"{'skills': {'score': 0, 'max': 30}, 'role': {'score': 20, 'max': 20}, 'experience': {'score': 14, 'max': 15}, 'location': {'score': 10, 'max': 10}, 'education': {'score': 5, 'max': 5}, 'employment': {'score': 5, 'max': 5}, 'salary': {'score': 4, 'max': 5}, 'freshness': {'score': 3, 'max': 5}, 'requirements': {'score': 4, 'max': 5}}","Software Engineering, Systems Architecture","greenhouse, company-careers","✓ Target role match (Backend Developer), ✓ Offline fit: Bangalore (Hybrid) at HackerRank, ✓ Education qualifications satisfied, ✓ Full-Time employment type",Hybrid,rec_wf_2b328532d0_gh_hackerrank_7693789_25,65.0%,YES,https://job-boards.greenhouse.io/hackerrank/jobs/7693789,2026-09-30T14:36:49.921633+00:00
https://remoteOK.com/remote-jobs/remote-backend-software-engineer-airspace-link-1137409,Worldwide,Airspace Link,remoteok.com,2026-09-19T20:00:01+00:00,"Remote - Throughout history, transformative advancements in infrastructure have propelled humanity forwardâfrom Vanderbiltâs railroads to Edisonâs electrical grid and Eisenhowerâs highways. Today, we stand at another pivotal infrastructure moment with Airspace Linkâs d... Please mention the word **AMIABLE** and tag RMTAzLjgyLjQxLjE5Mg== when applying to show you read the job post completely (#RMTAzLjgyLjQxLjE5Mg==). This is a beta feature to avoid spam applicants. Companies can search these words to find applicants that read this and see they're human.","Remote - Throughout history, transformative advancements in infrastructure have propelled humanity forwardâfrom Vanderbiltâs railroads to Edisonâs electrical grid and Eisenhowerâs highways. Today, we stand at another pivotal infrastructure moment with Airspace Linkâs d... Please mention the word **AMIABLE** and tag RMTAzLjgyLjQxLjE5Mg== when applying to show you read the job post complet",full-time,0-3 yrs,False,Backend Software Engineer,Worldwide (Remote),65.0,Online (Remote),Remoteok,"⚠ Python not explicitly emphasized, ⚠ Fastapi not explicitly emphasized","{'freshness_score': 80.0, 'source_confidence': 80.0, 'listing_quality_score': 95.0, 'risk_signals': []}",remote,Not Disclosed,"{'skills': {'score': 0, 'max': 30}, 'role': {'score': 20, 'max': 20}, 'experience': {'score': 14, 'max': 15}, 'location': {'score': 10, 'max': 10}, 'education': {'score': 5, 'max': 5}, 'employment': {'score': 5, 'max': 5}, 'salary': {'score': 4, 'max': 5}, 'freshness': {'score': 3, 'max': 5}, 'requirements': {'score': 4, 'max': 5}}","Golang, Backend",remoteok,"✓ Target role match (Backend Developer), ✓ Online (Remote) fit: Worldwide (Remote) at Airspace Link, ✓ Education qualifications satisfied, ✓ Full-Time employment type",Online,rec_wf_2b328532d0_rok_1137409_26,65.0%,YES,https://remoteOK.com/remote-jobs/remote-backend-software-engineer-airspace-link-1137409,2026-09-30T14:36:49.927624+00:00
https://remoteOK.com/remote-jobs/remote-senior-backend-engineer-build-ai-agents-salesforge-1137114,Worldwide,Salesforge,remoteok.com,2026-08-25T07:00:03+00:00,"Remote - Most sales tools help you send emails. Weâre building something different.At Salesforge, weâre creating autonomous AI agents that can:Find the right prospectsGenerate highly personalized outreachRun conversationsAnd book meetingsAll without human invo... Please mention the word **EMPATHY** and tag RMTAzLjgyLjQxLjE5Mg== when applying to show you read the job post completely (#RMTAzLjgyLjQxLjE5Mg==). This is a beta feature to avoid spam applicants. Companies can search these words to find applicants that read this and see they're human.","Remote - Most sales tools help you send emails. Weâre building something different.At Salesforge, weâre creating autonomous AI agents that can:Find the right prospectsGenerate highly personalized outreachRun conversationsAnd book meetingsAll without human invo... Please mention the word **EMPATHY** and tag RMTAzLjgyLjQxLjE5Mg== when applying to show you read the job post completely (#RMTAzLjgy",full-time,0-3 yrs,False,Senior Backend Engineer Build AI Agents,Worldwide (Remote),65.0,Online (Remote),Remoteok,"⚠ Python not explicitly emphasized, ⚠ Fastapi not explicitly emphasized","{'freshness_score': 80.0, 'source_confidence': 80.0, 'listing_quality_score': 95.0, 'risk_signals': []}",remote,Not Disclosed,"{'skills': {'score': 0, 'max': 30}, 'role': {'score': 20, 'max': 20}, 'experience': {'score': 14, 'max': 15}, 'location': {'score': 10, 'max': 10}, 'education': {'score': 5, 'max': 5}, 'employment': {'score': 5, 'max': 5}, 'salary': {'score': 4, 'max': 5}, 'freshness': {'score': 3, 'max': 5}, 'requirements': {'score': 4, 'max': 5}}","Golang, Senior, Sales",remoteok,"✓ Target role match (Backend Developer), ✓ Online (Remote) fit: Worldwide (Remote) at Salesforge, ✓ Education qualifications satisfied, ✓ Full-Time employment type",Online,rec_wf_2b328532d0_rok_1137114_27,65.0%,YES,https://remoteOK.com/remote-jobs/remote-senior-backend-engineer-build-ai-agents-salesforge-1137114,2026-09-30T14:36:49.937557+00:00
https://job-boards.greenhouse.io/gitlab/jobs/8626772002,Bangalore,GitLab,gitlab.com,2026-09-29T10:38:50-04:00,"Verified live opening for Director, Engineering, Platform Operations & Productivity at GitLab. Department: Engineering. Location: Bangalore, India. Apply directly on official Greenhouse ATS.","Verified live opening for Director, Engineering, Platform Operations & Productivity at GitLab. Department: Engineering. Location: Bangalore, India. Apply directly on official Greenhouse ATS.",full-time,0-5 yrs,False,"Director, Engineering, Platform Operations & Productivity","Bangalore, Karnataka, India",53.0,Offline (On-site),Greenhouse,"⚠ Python not explicitly emphasized, ⚠ Fastapi not explicitly emphasized, ⚠ Role title differs from target keywords","{'freshness_score': 95.0, 'source_confidence': 98.0, 'listing_quality_score': 85.0, 'risk_signals': []}",on-site,Not Disclosed,"{'skills': {'score': 0, 'max': 30}, 'role': {'score': 6, 'max': 20}, 'experience': {'score': 14, 'max': 15}, 'location': {'score': 10, 'max': 10}, 'education': {'score': 5, 'max': 5}, 'employment': {'score': 5, 'max': 5}, 'salary': {'score': 4, 'max': 5}, 'freshness': {'score': 5, 'max': 5}, 'requirements': {'score': 4, 'max': 5}}","Software Engineering, Systems Architecture","greenhouse, company-careers","✓ Offline fit: Bangalore, Karnataka, India at GitLab, ✓ Education qualifications satisfied, ✓ Full-Time employment type, ✓ Fresh posting (< 24h old)",Offline,rec_wf_2b328532d0_gh_gitlab_8626772002_28,53.0%,YES,https://job-boards.greenhouse.io/gitlab/jobs/8626772002,2026-09-30T14:36:49.943644+00:00
https://job-boards.greenhouse.io/gitlab/jobs/8396674002,Remote,GitLab,gitlab.com,2026-09-29T10:38:50-04:00,"Verified live opening for Manager, Solutions Architects - San Francisco at GitLab. Department: Engineering. Location: Remote, US. Apply directly on official Greenhouse ATS.","Verified live opening for Manager, Solutions Architects - San Francisco at GitLab. Department: Engineering. Location: Remote, US. Apply directly on official Greenhouse ATS.",full-time,0-5 yrs,False,"Manager, Solutions Architects - San Francisco ","Remote, US",53.0,Online (Remote),Greenhouse,"⚠ Python not explicitly emphasized, ⚠ Fastapi not explicitly emphasized, ⚠ Role title differs from target keywords","{'freshness_score': 95.0, 'source_confidence': 98.0, 'listing_quality_score': 85.0, 'risk_signals': []}",remote,Not Disclosed,"{'skills': {'score': 0, 'max': 30}, 'role': {'score': 6, 'max': 20}, 'experience': {'score': 14, 'max': 15}, 'location': {'score': 10, 'max': 10}, 'education': {'score': 5, 'max': 5}, 'employment': {'score': 5, 'max': 5}, 'salary': {'score': 4, 'max': 5}, 'freshness': {'score': 5, 'max': 5}, 'requirements': {'score': 4, 'max': 5}}","Software Engineering, Systems Architecture","greenhouse, company-careers","✓ Online (Remote) fit: Remote, US at GitLab, ✓ Education qualifications satisfied, ✓ Full-Time employment type, ✓ Fresh posting (< 24h old)",Online,rec_wf_2b328532d0_gh_gitlab_8396674002_29,53.0%,YES,https://job-boards.greenhouse.io/gitlab/jobs/8396674002,2026-09-30T14:36:49.948922+00:00
https://job-boards.greenhouse.io/gitlab/jobs/8731996002,Bangalore,GitLab,gitlab.com,2026-09-29T10:38:50-04:00,"Verified live opening for Senior Solutions Architect at GitLab. Department: Engineering. Location: Bangalore, India. Apply directly on official Greenhouse ATS.","Verified live opening for Senior Solutions Architect at GitLab. Department: Engineering. Location: Bangalore, India. Apply directly on official Greenhouse ATS.",full-time,0-5 yrs,False,Senior Solutions Architect,"Bangalore, Karnataka, India",53.0,Offline (On-site),Greenhouse,"⚠ Python not explicitly emphasized, ⚠ Fastapi not explicitly emphasized, ⚠ Role title differs from target keywords","{'freshness_score': 95.0, 'source_confidence': 98.0, 'listing_quality_score': 85.0, 'risk_signals': []}",on-site,Not Disclosed,"{'skills': {'score': 0, 'max': 30}, 'role': {'score': 6, 'max': 20}, 'experience': {'score': 14, 'max': 15}, 'location': {'score': 10, 'max': 10}, 'education': {'score': 5, 'max': 5}, 'employment': {'score': 5, 'max': 5}, 'salary': {'score': 4, 'max': 5}, 'freshness': {'score': 5, 'max': 5}, 'requirements': {'score': 4, 'max': 5}}","Software Engineering, Systems Architecture","greenhouse, company-careers","✓ Offline fit: Bangalore, Karnataka, India at GitLab, ✓ Education qualifications satisfied, ✓ Full-Time employment type, ✓ Fresh posting (< 24h old)",Offline,rec_wf_2b328532d0_gh_gitlab_8731996002_30,53.0%,YES,https://job-boards.greenhouse.io/gitlab/jobs/8731996002,2026-09-30T14:36:49.953577+00:00
https://job-boards.greenhouse.io/gitlab/jobs/8826637002,Remote,GitLab,gitlab.com,2026-09-29T23:01:20-04:00,Verified live opening for Senior Solutions Architect- Sydney at GitLab. Department: Engineering. Location: Remote. Apply directly on official Greenhouse ATS.,Verified live opening for Senior Solutions Architect- Sydney at GitLab. Department: Engineering. Location: Remote. Apply directly on official Greenhouse ATS.,full-time,0-5 yrs,False,Senior Solutions Architect- Sydney ,Remote,53.0,Online (Remote),Greenhouse,"⚠ Python not explicitly emphasized, ⚠ Fastapi not explicitly emphasized, ⚠ Role title differs from target keywords","{'freshness_score': 95.0, 'source_confidence': 98.0, 'listing_quality_score': 85.0, 'risk_signals': []}",remote,Not Disclosed,"{'skills': {'score': 0, 'max': 30}, 'role': {'score': 6, 'max': 20}, 'experience': {'score': 14, 'max': 15}, 'location': {'score': 10, 'max': 10}, 'education': {'score': 5, 'max': 5}, 'employment': {'score': 5, 'max': 5}, 'salary': {'score': 4, 'max': 5}, 'freshness': {'score': 5, 'max': 5}, 'requirements': {'score': 4, 'max': 5}}","Software Engineering, Systems Architecture","greenhouse, company-careers","✓ Online (Remote) fit: Remote at GitLab, ✓ Education qualifications satisfied, ✓ Full-Time employment type, ✓ Fresh posting (< 24h old)",Online,rec_wf_2b328532d0_gh_gitlab_8826637002_31,53.0%,YES,https://job-boards.greenhouse.io/gitlab/jobs/8826637002,2026-09-30T14:36:49.958788+00:00
https://job-boards.greenhouse.io/gitlab/jobs/8773546002,Remote,GitLab,gitlab.com,2026-09-29T10:38:50-04:00,"Verified live opening for Site Reliability Engineer, Infrastructure Platforms — UK (Intermediate to Senior Staff) at GitLab. Department: Engineering. Location: Remote. Apply directly on official Greenhouse ATS.","Verified live opening for Site Reliability Engineer, Infrastructure Platforms — UK (Intermediate to Senior Staff) at GitLab. Department: Engineering. Location: Remote. Apply directly on official Greenhouse ATS.",full-time,0-5 yrs,False,"Site Reliability Engineer, Infrastructure Platforms — UK (Intermediate to Senior Staff)",Remote,53.0,Online (Remote),Greenhouse,"⚠ Python not explicitly emphasized, ⚠ Fastapi not explicitly emphasized, ⚠ Role title differs from target keywords","{'freshness_score': 95.0, 'source_confidence': 98.0, 'listing_quality_score': 85.0, 'risk_signals': []}",remote,Not Disclosed,"{'skills': {'score': 0, 'max': 30}, 'role': {'score': 6, 'max': 20}, 'experience': {'score': 14, 'max': 15}, 'location': {'score': 10, 'max': 10}, 'education': {'score': 5, 'max': 5}, 'employment': {'score': 5, 'max': 5}, 'salary': {'score': 4, 'max': 5}, 'freshness': {'score': 5, 'max': 5}, 'requirements': {'score': 4, 'max': 5}}","Software Engineering, Systems Architecture","greenhouse, company-careers","✓ Online (Remote) fit: Remote at GitLab, ✓ Education qualifications satisfied, ✓ Full-Time employment type, ✓ Fresh posting (< 24h old)",Online,rec_wf_2b328532d0_gh_gitlab_8773546002_32,53.0%,YES,https://job-boards.greenhouse.io/gitlab/jobs/8773546002,2026-09-30T14:36:49.966729+00:00
https://job-boards.greenhouse.io/gitlab/jobs/8611700002,Remote,GitLab,gitlab.com,2026-09-29T10:38:50-04:00,"Verified live opening for Solutions Architect - MENA at GitLab. Department: Engineering. Location: Remote, KSA; Remote, UAE. Apply directly on official Greenhouse ATS.","Verified live opening for Solutions Architect - MENA at GitLab. Department: Engineering. Location: Remote, KSA; Remote, UAE. Apply directly on official Greenhouse ATS.",full-time,0-5 yrs,False,Solutions Architect - MENA,"Remote, KSA; Remote, UAE",53.0,Online (Remote),Greenhouse,"⚠ Python not explicitly emphasized, ⚠ Fastapi not explicitly emphasized, ⚠ Role title differs from target keywords","{'freshness_score': 95.0, 'source_confidence': 98.0, 'listing_quality_score': 85.0, 'risk_signals': []}",remote,Not Disclosed,"{'skills': {'score': 0, 'max': 30}, 'role': {'score': 6, 'max': 20}, 'experience': {'score': 14, 'max': 15}, 'location': {'score': 10, 'max': 10}, 'education': {'score': 5, 'max': 5}, 'employment': {'score': 5, 'max': 5}, 'salary': {'score': 4, 'max': 5}, 'freshness': {'score': 5, 'max': 5}, 'requirements': {'score': 4, 'max': 5}}","Software Engineering, Systems Architecture","greenhouse, company-careers","✓ Online (Remote) fit: Remote, KSA; Remote, UAE at GitLab, ✓ Education qualifications satisfied, ✓ Full-Time employment type, ✓ Fresh posting (< 24h old)",Online,rec_wf_2b328532d0_gh_gitlab_8611700002_33,53.0%,YES,https://job-boards.greenhouse.io/gitlab/jobs/8611700002,2026-09-30T14:36:49.973979+00:00
https://job-boards.greenhouse.io/gitlab/jobs/8612937002,Remote,GitLab,gitlab.com,2026-09-29T10:38:50-04:00,"Verified live opening for Staff Product Manager, RevOps & Finance Systems at GitLab. Department: Engineering. Location: Remote, US. Apply directly on official Greenhouse ATS.","Verified live opening for Staff Product Manager, RevOps & Finance Systems at GitLab. Department: Engineering. Location: Remote, US. Apply directly on official Greenhouse ATS.",full-time,0-5 yrs,False,"Staff Product Manager,  RevOps & Finance Systems","Remote, US",53.0,Online (Remote),Greenhouse,"⚠ Python not explicitly emphasized, ⚠ Fastapi not explicitly emphasized, ⚠ Role title differs from target keywords","{'freshness_score': 95.0, 'source_confidence': 98.0, 'listing_quality_score': 85.0, 'risk_signals': []}",remote,Not Disclosed,"{'skills': {'score': 0, 'max': 30}, 'role': {'score': 6, 'max': 20}, 'experience': {'score': 14, 'max': 15}, 'location': {'score': 10, 'max': 10}, 'education': {'score': 5, 'max': 5}, 'employment': {'score': 5, 'max': 5}, 'salary': {'score': 4, 'max': 5}, 'freshness': {'score': 5, 'max': 5}, 'requirements': {'score': 4, 'max': 5}}","Software Engineering, Systems Architecture","greenhouse, company-careers","✓ Online (Remote) fit: Remote, US at GitLab, ✓ Education qualifications satisfied, ✓ Full-Time employment type, ✓ Fresh posting (< 24h old)",Online,rec_wf_2b328532d0_gh_gitlab_8612937002_34,53.0%,YES,https://job-boards.greenhouse.io/gitlab/jobs/8612937002,2026-09-30T14:36:49.979719+00:00
https://careers.airbnb.com/positions/7525479?gh_jid=7525479,Bangalore,Airbnb,airbnb.com,2026-09-29T20:00:54-04:00,"Verified live opening for Senior Staff Software Engineer, Payments at Airbnb. Department: Engineering. Location: Remote - Bangalore, India. Apply directly on official Greenhouse ATS.","Verified live opening for Senior Staff Software Engineer, Payments at Airbnb. Department: Engineering. Location: Remote - Bangalore, India. Apply directly on official Greenhouse ATS.",full-time,0-5 yrs,False,"Senior Staff Software Engineer, Payments",Bangalore (Remote),53.0,Online (Remote),Greenhouse,"⚠ Python not explicitly emphasized, ⚠ Fastapi not explicitly emphasized, ⚠ Role title differs from target keywords","{'freshness_score': 95.0, 'source_confidence': 98.0, 'listing_quality_score': 85.0, 'risk_signals': []}",remote,Not Disclosed,"{'skills': {'score': 0, 'max': 30}, 'role': {'score': 6, 'max': 20}, 'experience': {'score': 14, 'max': 15}, 'location': {'score': 10, 'max': 10}, 'education': {'score': 5, 'max': 5}, 'employment': {'score': 5, 'max': 5}, 'salary': {'score': 4, 'max': 5}, 'freshness': {'score': 5, 'max': 5}, 'requirements': {'score': 4, 'max': 5}}","Software Engineering, Systems Architecture","greenhouse, company-careers","✓ Online (Remote) fit: Bangalore (Remote) at Airbnb, ✓ Education qualifications satisfied, ✓ Full-Time employment type, ✓ Fresh posting (< 24h old)",Online,rec_wf_2b328532d0_gh_airbnb_7525479_35,53.0%,YES,https://careers.airbnb.com/positions/7525479?gh_jid=7525479,2026-09-30T14:36:49.985066+00:00
https://careers.airbnb.com/positions/8187190?gh_jid=8187190,Remote,Airbnb,airbnb.com,2026-09-29T20:00:54-04:00,"Verified live opening for Senior Staff Software Engineer, Tech Foundations at Airbnb. Department: Engineering. Location: Remote. Apply directly on official Greenhouse ATS.","Verified live opening for Senior Staff Software Engineer, Tech Foundations at Airbnb. Department: Engineering. Location: Remote. Apply directly on official Greenhouse ATS.",full-time,0-5 yrs,False,"Senior Staff Software Engineer, Tech Foundations",Remote,53.0,Online (Remote),Greenhouse,"⚠ Python not explicitly emphasized, ⚠ Fastapi not explicitly emphasized, ⚠ Role title differs from target keywords","{'freshness_score': 95.0, 'source_confidence': 98.0, 'listing_quality_score': 85.0, 'risk_signals': []}",remote,Not Disclosed,"{'skills': {'score': 0, 'max': 30}, 'role': {'score': 6, 'max': 20}, 'experience': {'score': 14, 'max': 15}, 'location': {'score': 10, 'max': 10}, 'education': {'score': 5, 'max': 5}, 'employment': {'score': 5, 'max': 5}, 'salary': {'score': 4, 'max': 5}, 'freshness': {'score': 5, 'max': 5}, 'requirements': {'score': 4, 'max': 5}}","Software Engineering, Systems Architecture","greenhouse, company-careers","✓ Online (Remote) fit: Remote at Airbnb, ✓ Education qualifications satisfied, ✓ Full-Time employment type, ✓ Fresh posting (< 24h old)",Online,rec_wf_2b328532d0_gh_airbnb_8187190_36,53.0%,YES,https://careers.airbnb.com/positions/8187190?gh_jid=8187190,2026-09-30T14:36:49.990489+00:00
https://careers.airbnb.com/positions/8197652?gh_jid=8197652,Remote,Airbnb,airbnb.com,2026-09-29T20:00:54-04:00,"Verified live opening for Senior Systems Engineer, Tech Foundations at Airbnb. Department: Engineering. Location: Remote. Apply directly on official Greenhouse ATS.","Verified live opening for Senior Systems Engineer, Tech Foundations at Airbnb. Department: Engineering. Location: Remote. Apply directly on official Greenhouse ATS.",full-time,0-5 yrs,False,"Senior Systems Engineer, Tech Foundations",Remote,53.0,Online (Remote),Greenhouse,"⚠ Python not explicitly emphasized, ⚠ Fastapi not explicitly emphasized, ⚠ Role title differs from target keywords","{'freshness_score': 95.0, 'source_confidence': 98.0, 'listing_quality_score': 85.0, 'risk_signals': []}",remote,Not Disclosed,"{'skills': {'score': 0, 'max': 30}, 'role': {'score': 6, 'max': 20}, 'experience': {'score': 14, 'max': 15}, 'location': {'score': 10, 'max': 10}, 'education': {'score': 5, 'max': 5}, 'employment': {'score': 5, 'max': 5}, 'salary': {'score': 4, 'max': 5}, 'freshness': {'score': 5, 'max': 5}, 'requirements': {'score': 4, 'max': 5}}","Software Engineering, Systems Architecture","greenhouse, company-careers","✓ Online (Remote) fit: Remote at Airbnb, ✓ Education qualifications satisfied, ✓ Full-Time employment type, ✓ Fresh posting (< 24h old)",Online,rec_wf_2b328532d0_gh_airbnb_8197652_37,53.0%,YES,https://careers.airbnb.com/positions/8197652?gh_jid=8197652,2026-09-30T14:36:49.997198+00:00
https://www.arbeitnow.com/jobs/companies/auxmoney-gmbh/remote-senior-software-engineer-it-banking-payment-operations-169550,Remote / Düsseldorf,Auxmoney Gmbh,arbeitnow.com,2026-09-30T11:09:55+00:00,"Your new team: At auxmoney, we are shaping the future of FinTech with innovation, technology and a passion for seamless financial processes. As a Senior Software Engineer (m/f/d) in the Banking & Payment Operations team, you’ll be part of a cross-functional, agile team that ensures smooth and secure loan accounting and cash flows between investors and borrowers. You will collaborate closely with product and business teams, share your expertise with peers, and continuously raise the bar for code quality and technical excellence. If you are passionate about clean code, smart solutions and building software that matters, this is your opportunity to make a difference. What you can expect: Shape the Future of FinTech: Work in an agile, cross-functional team to develop scalable and secure financial solutions. Architecture & System Design: Identify and address architectural limitations, make pragmatic trade-offs, and help evolve systems toward scalability, reliability, and long-term maintainability. Engineering Quality: Build solutions that are secure, scalable, extensible, and cost-efficient while maintaining high coding and documentation standards. Execution & Delivery: Break down complex initiatives into manageable workstreams and deliver incremental value through iterative development. Innovate with Modern Architecture: Contribute to our service-oriented architecture and help build reliable, event-driven services using Kafka. Knowledge Sharing & Engineering Influence: Contribute to a culture of engineering excellence by sharing knowledge, improving team practices, and promoting high standards for software development. Collaboration & Problem Solving: Work closely with cross-functional stakeholders, actively contribute to design reviews, and address root causes of recurring technical challenges. Ownership & Mentorship: Take responsibility for challenging projects and guide team members through technical mentoring and hands-on support. Strategic Thinking & Growth Mindset: Balance short-term delivery with long-term system sustainability and continuously look for opportunities to improve technology, processes, and team effectiveness. Understand the Business: Gain deep insights into non-technical, business-related processes within a leading FinTech company and help shape solutions that drive real impact. Maximum Flexibility: Work remotely from anywhere in Germany, with only two office visits per year required. Your profile Passionate Developer: You enjoy solving complex problems, writing high-quality software, and contributing ideas in an agile environment. Backend Expertise: Several years of hands-on experience with object-oriented programming (preferably PHP) and MySQL databases. Cloud & Containerization Know-How: Experience with Kubernetes, Docker and CI/CD pipelines for seamless deployment and scalability. Event-Driven Architecture: Familiarity with Kafka and event-driven or service-oriented architectures is a plus. Testing Enthusiast: Knowledge of PHPUnit or Cypress to ensure robust software quality. Monitoring & Performance Optimization: Experience with New Relic or similar tools to keep services running smoothly. Version Control Savvy: Proficient in Git, ensuring efficient collaboration and clean versioning practices. Finance Enthusiast: Interest in financial systems and processes; experience in FinTech development is a plus. Product-Oriented Mindset: A strong focus on building solutions that deliver measurable value for users and business outcomes. Team & Communication Skills: Strong communication skills in English (German is a plus) and a collaborative approach, with the ability to work effectively in cross-functional teams and contribute to a supportive engineering culture. What we offer: Flexibility for Your Lifestyle: Enjoy family-friendly working hours and a generous home office policy, allowing you to stay agile and flexible in any situation. Ergonomic Work Environment: For your office days, we provide ergonomic workstations that offer you a comfortable and healthy workspace. Independent Work: With short decision-making paths, we enable you to work autonomously and actively contribute your ideas – we provide space for you to take on responsibility. Grow with Us: Unlock your potential with numerous opportunities for growth and development, along with an annual development budget to help you achieve your professional and personal goals. Team Spirit: Team spirit is important to us – we regularly host events and parties where fun is guaranteed. Mobility Your Way: Whether you prefer a train ticket or parking – we support your choice of preferred mobility. Stay Active: Keep fit with a discounted membership at Fitness First or Urban Sports Club, or use our in-house fitness room to stay active after work and enhance your work-life balance. Secure Your Future: Think about your future – we offer subsidies for company pension plans so you can plan long-term with us. Tailored Benefits: We consider your personal life situation – whether you're a parent or love to travel, we offer customized benefits to suit your lifestyle. At auxmoney, we’re committed to equal opportunity and diversity. We especially welcome applications from parents, people with disabilities, and members of the LGBTQIA+ community. Please feel free to let us know if you’d like us to use gender-neutral pronouns, if you need barrier-free access to our office, or if you require more time during the application process. Find more English Speaking Jobs in Germany on Arbeitnow","Your new team: At auxmoney, we are shaping the future of FinTech with innovation, technology and a passion for seamless financial processes. As a Senior Software Engineer (m/f/d) in the Banking & Payment Operations team, you’ll be part of a cross-functional, agile team that ensures smooth and secure loan accounting and cash flows between investors and borrowers. You will collaborate closely with p",full-time,0-3 yrs,False,Senior Software Engineer – IT Banking & Payment Operations,Remote / Düsseldorf,53.0,Online (Remote),Arbeitnow,"⚠ Python not explicitly emphasized, ⚠ Fastapi not explicitly emphasized, ⚠ Role title differs from target keywords","{'freshness_score': 95.0, 'source_confidence': 90.0, 'listing_quality_score': 95.0, 'risk_signals': []}",remote,Not Disclosed,"{'skills': {'score': 0, 'max': 30}, 'role': {'score': 6, 'max': 20}, 'experience': {'score': 14, 'max': 15}, 'location': {'score': 10, 'max': 10}, 'education': {'score': 5, 'max': 5}, 'employment': {'score': 5, 'max': 5}, 'salary': {'score': 4, 'max': 5}, 'freshness': {'score': 5, 'max': 5}, 'requirements': {'score': 4, 'max': 5}}","Software, Developer, Engineer, It",arbeitnow,"✓ Online (Remote) fit: Remote / Düsseldorf at Auxmoney Gmbh, ✓ Education qualifications satisfied, ✓ Full-Time employment type, ✓ Fresh posting (< 24h old)",Online,rec_wf_2b328532d0_abn_remote-senior-software-e_38,53.0%,YES,https://www.arbeitnow.com/jobs/companies/auxmoney-gmbh/remote-senior-software-engineer-it-banking-payment-operations-169550,2026-09-30T14:36:50.007019+00:00
https://www.arbeitnow.co.uk/jobs/companies/bromcom-computers-plc/remote-net-full-stack-developer-bromley-144137,Remote job (Remote),Bromcom Computers Plc,arbeitnow.com,2026-09-30T12:30:03+00:00,"Bromcom is a leading provider of cloud-based software solutions for the education sector. We develop innovative Management Information Systems (MIS), Finance and Analytics solutions that support schools, Multi-Academy Trusts (MATs) and Local Authorities across the UK. Our mission is to transform the way educational organisations work by providing secure, intuitive and innovative technology that helps schools operate more efficiently and enables educators to focus on what matters most – delivering outstanding outcomes for children and young people. As Bromcom continues to grow, we are investing in our people, products and technology to support our ambitious plans for the future. This is an exciting opportunity to join a growing technology team and play a key role in developing and enhancing solutions used by education organisations across the UK. The Role The .NET Full-Stack Developer is responsible for developing, maintaining and enhancing web applications across both backend and frontend technologies. Working as part of a collaborative development team, the role will contribute to the design and delivery of reliable, scalable and maintainable software solutions. The successful candidate will have a solid foundation in full-stack development, with particular experience in .NET and C#, alongside the ability and enthusiasm to learn and work with new technologies as required. The role will also involve using AI-assisted development tools to support software development, including code generation, troubleshooting, testing and productivity. The successful candidate will be comfortable working alongside AI tools while applying their own technical knowledge and judgement to review, validate and refine AI-generated outputs. Key Responsibilities Develop, maintain and enhance web applications across both backend and frontend components. Develop reliable and scalable backend services and APIs using .NET and C#. Contribute to frontend development using modern web technologies and frameworks. Use AI-assisted development tools to support coding, debugging, testing, research and problem-solving. Review, validate and refine AI-generated code and recommendations, applying sound technical judgement and development standards. Write clean, maintainable and well-tested code in line with agreed development standards. Troubleshoot technical issues, identify root causes and implement effective solutions. Participate in code reviews, testing and debugging activities to maintain high standards of software quality. Work collaboratively with Business Analysts, Developers, QA and other stakeholders throughout the software development lifecycle. Contribute to continuous improvement of development processes, practices and technical solutions. Quickly learn and apply new technologies, tools, frameworks and AI-assisted development approaches where required. Support the delivery of high-quality software within agreed timescales. Skills & Experience Essential Practical experience in full-stack software development. Strong working knowledge of .NET and C#. Experience developing web applications and backend services/APIs. Understanding of frontend development and modern web technologies. Good understanding of software development principles and practices. Experience troubleshooting, debugging and resolving technical issues. Ability to write clean, maintainable and well-tested code. Experience or demonstrated ability to work effectively with AI-assisted development tools, using them to support coding, debugging, testing and problem-solving. Ability to critically review and validate AI-generated code and suggestions, ensuring outputs are secure, accurate, maintainable and aligned with development standards. Strong underlying software development fundamentals, with the ability to understand, adapt and take ownership of AI-assisted outputs. Experience working collaboratively within a software development team. Strong problem-solving and analytical skills. Ability to learn new technologies and frameworks quickly. Desirable Experience using AI-assisted development tools such as Claude Code, OpenAI Codex, GitHub Copilot or similar tools. Working within an Agile software development environment. Experience with automated testing and/or test-driven development. Experience with modern frontend frameworks and technologies. Experience participating in code reviews and continuous improvement initiatives. Personal Attributes Curious and adaptable – keen to learn new technologies and develop their technical knowledge. AI-aware and forward-thinking – open to adopting AI-assisted development tools while applying sound technical judgement to ensure they are used effectively and responsibly. A strong problem solver – able to investigate issues logically and identify practical solutions. Collaborative – comfortable working with developers, QA, Business Analysts and wider stakeholders. Quality focused – takes pride in producing reliable, maintainable and well-tested code. Proactive – willing to contribute ideas and look for opportunities to improve processes and solutions. A strong communicator – able to explain technical issues and work effectively with both technical and non-technical colleagues.","Bromcom is a leading provider of cloud-based software solutions for the education sector. We develop innovative Management Information Systems (MIS), Finance and Analytics solutions that support schools, Multi-Academy Trusts (MATs) and Local Authorities across the UK. Our mission is to transform the way educational organisations work by providing secure, intuitive and innovative technology that he",full-time,0-3 yrs,False,.NET Full-Stack Developer,Remote job (Remote),53.0,Online (Remote),Arbeitnow,"⚠ Python not explicitly emphasized, ⚠ Fastapi not explicitly emphasized, ⚠ Role title differs from target keywords","{'freshness_score': 95.0, 'source_confidence': 90.0, 'listing_quality_score': 95.0, 'risk_signals': []}",remote,Not Disclosed,"{'skills': {'score': 0, 'max': 30}, 'role': {'score': 6, 'max': 20}, 'experience': {'score': 14, 'max': 15}, 'location': {'score': 10, 'max': 10}, 'education': {'score': 5, 'max': 5}, 'employment': {'score': 5, 'max': 5}, 'salary': {'score': 4, 'max': 5}, 'freshness': {'score': 5, 'max': 5}, 'requirements': {'score': 4, 'max': 5}}","Software & Qa, Remote",arbeitnow,"✓ Online (Remote) fit: Remote job (Remote) at Bromcom Computers Plc, ✓ Education qualifications satisfied, ✓ Full-Time employment type, ✓ Fresh posting (< 24h old)",Online,rec_wf_2b328532d0_abn_remote-net-full-stack-de_39,53.0%,YES,https://www.arbeitnow.co.uk/jobs/companies/bromcom-computers-plc/remote-net-full-stack-developer-bromley-144137,2026-09-30T14:36:50.015000+00:00
https://www.arbeitnow.co.uk/jobs/companies/wizinc/partner-solutions-architect-msp-451933,None,wizinc,arbeitnow.com,2026-09-30T09:55:08+00:00,"Come join the organization that is redefining security for the AI era. As one of the fastest-growing startups ever, we enable teams to secure cloud and AI applications by connecting code, cloud, and runtime into a single shared context. Trusted by security teams all over the world, we have a proven track record of success and a culture that values world-class talent. Not to mention, we're now powered by Google , meaning we offer our customers an AI-powered platform that harnesses Google’s Threat Intelligence and Security Operations to better detect, prevent, and respond to threats across all environments, allowing for further innovation. Our Wizards from all over the globe work together to protect the infrastructure of our customers, including over 65% of the Fortune 100, who trust us to scan and secure over 230 billion files daily. We’re honored to be a leading player in a massive and growing market, and we continue to look for exceptional Wizards who are eager to make a significant impact on our team. At Wiz, you’ll have the freedom to think creatively, dream big, and use your full range of skills to contribute to our momentous growth. Come join our team and help us create secure cloud environments that allow even the best companies to move faster, all while having some fun! Role Description At Wiz, we're passionate about technical sales and helping our partners and their customers achieve maximum value. This starts with a team effort, collaborating with all available Wiz resources and teaming with the best partners in the world. Cloud transformation isn't slowing down, and with the explosion of autonomous AI agents, frontier models, and multi-tenant cloud architectures, the demand for next-generation MSP and MDR services is shifting overnight. We don't react to trends, we set the standard. As a Partner Solutions Architect (MSP) , you won't just be supporting sales deals; you will influence and execute our technical MSP strategy from the ground up. Sitting at the absolute bleeding edge of technology, you will serve as the lead technical strategist empowering top-tier Managed Service Providers to rethink cloud security, package high-margin Wiz-powered offerings, and protect their clients' multi-cloud estates with the power of the Wiz Security Graph and our agentless architecture. Responsibilities Drive technical strategy and solution development with MSP Partners Build and deliver world-class demos and technical enablement experiences for our partners. Architect an integrated solution and messaging , aligning with the MSP global team. Deeply engage with MSP Partner technical teams to build champions and identify opportunities to leverage technical integrations to drive deal acceleration. Serve as a technical evangelist and trusted advisor for cloud security, representing Wiz at partner and industry events. Assist partners in building a strong technical business delivery model around Wiz. Travel up to 40% of the time as needed. Minimum qualifications 5+ Years of Cloud security expertise: Strong fluency in CSPM, CIEM, IaC security, containers, and serverless architectures. Deep hands-on experience with AWS, GCP, and/or Azure . DevSecOps & Supply Chain Security: Hands-on DevSecOps experience and deep familiarity with CI/CD processes, IaC tooling (Terraform, CloudFormation), and shifting security left. Systems & Identity Expertise: Solid foundation in operating systems, virtual machines, container orchestration, and cloud identity (IAM, access, certificates, keys). Sales Engineering Excellence: Proven track record in a technical pre-sales role delivering complex solutions and strategic storytelling to C-level executives at technology partners. Managed Services (MSP) DNA: Understanding of the MSP partner ecosystems. You know how MSPs build, price, and scale managed security offerings, manage SLAs, and drive technical adoption with internal engineering and SOC teams. Preferred qualifications Managed AI Security & AI-SPM: Experience discovering shadow AI and securing cloud AI/ML workloads (AWS Bedrock, GCP Vertex AI, OpenAI, Anthropic) to help partners package and deliver managed AI security posture services to clients. Agentic Workflows & AI Guardrails: Familiarity with securing autonomous AI agents, agentic workflows, and emerging standards like Model Context Protocol (MCP) to define zero-trust access boundaries and runtime guardrails across client environments. SOC Efficiency & AI-Driven SecOps: Practical experience leveraging AI and automation to streamline multi-tenant SOC operations, accelerate incident triage, reduce alert fatigue, and automate remediation workflows. MDR & CNAPP Runtime Security: Experience with container security, eBPF, Kubernetes admission controllers, and real-time threat detection to power high-efficacy Managed Detection & Response (MDR) offerings. Managed DSPM & Regulatory Compliance: Experience implementing automated data discovery, lineage, and cloud data governance frameworks tailored to client compliance requirements (HIPAA, PCI-DSS, SOC 2, FedRAMP). Applicants must have the legal right to work in the country where the position is based, without the need for visa sponsorship. This role does not offer visa sponsorship . Wiz is an equal opportunity employer. We do not discriminate based upon race, religion, color, national origin, sex (including pregnancy, childbirth, reproductive health decisions, or related medical conditions), sexual orientation, gender identity, gender expression, age, status as a protected veteran, status as an individual with a disability, genetic information, political views or activity, or other applicable legally protected characteristics. By submitting your application, you acknowledge that Wiz will process your personal data in accordance with Wiz's Privacy Policy. Find more English Speaking Jobs in United Kingdom on Arbeitnow","Come join the organization that is redefining security for the AI era. As one of the fastest-growing startups ever, we enable teams to secure cloud and AI applications by connecting code, cloud, and runtime into a single shared context. Trusted by security teams all over the world, we have a proven track record of success and a culture that values world-class talent. Not to mention, we're now powe",full-time,0-3 yrs,False,Partner Solutions Architect - MSP,Remote / Unspecified,53.0,Online (Remote),Arbeitnow,"⚠ Python not explicitly emphasized, ⚠ Fastapi not explicitly emphasized, ⚠ Role title differs from target keywords","{'freshness_score': 95.0, 'source_confidence': 90.0, 'listing_quality_score': 95.0, 'risk_signals': []}",remote,Not Disclosed,"{'skills': {'score': 0, 'max': 30}, 'role': {'score': 6, 'max': 20}, 'experience': {'score': 14, 'max': 15}, 'location': {'score': 10, 'max': 10}, 'education': {'score': 5, 'max': 5}, 'employment': {'score': 5, 'max': 5}, 'salary': {'score': 4, 'max': 5}, 'freshness': {'score': 5, 'max': 5}, 'requirements': {'score': 4, 'max': 5}}",Channels,arbeitnow,"✓ Online (Remote) fit: Remote / Unspecified at wizinc, ✓ Education qualifications satisfied, ✓ Full-Time employment type, ✓ Fresh posting (< 24h old)",Online,rec_wf_2b328532d0_abn_partner-solutions-archit_40,53.0%,YES,https://www.arbeitnow.co.uk/jobs/companies/wizinc/partner-solutions-architect-msp-451933,2026-09-30T14:36:50.023521+00:00
https://www.rubrik.com/company/careers/departments/job.8166537?gh_jid=8166537,Bangalore,Rubrik,rubrik.com,2026-09-28T03:21:47-04:00,Verified live opening for Software Engineer (CPD) - Winter Intern at Rubrik. Department: Engineering. Location: Bangalore. Apply directly on official Greenhouse ATS.,Verified live opening for Software Engineer (CPD) - Winter Intern at Rubrik. Department: Engineering. Location: Bangalore. Apply directly on official Greenhouse ATS.,full-time,0-2 yrs,False,Software Engineer (CPD) - Winter Intern,"Bangalore, Karnataka, India",52.0,Offline (On-site),Greenhouse,"⚠ Python not explicitly emphasized, ⚠ Fastapi not explicitly emphasized, ⚠ Role title differs from target keywords","{'freshness_score': 95.0, 'source_confidence': 98.0, 'listing_quality_score': 85.0, 'risk_signals': []}",on-site,Not Disclosed,"{'skills': {'score': 0, 'max': 30}, 'role': {'score': 6, 'max': 20}, 'experience': {'score': 14, 'max': 15}, 'location': {'score': 10, 'max': 10}, 'education': {'score': 5, 'max': 5}, 'employment': {'score': 5, 'max': 5}, 'salary': {'score': 4, 'max': 5}, 'freshness': {'score': 4, 'max': 5}, 'requirements': {'score': 4, 'max': 5}}","Software Engineering, Systems Architecture","greenhouse, company-careers","✓ Offline fit: Bangalore, Karnataka, India at Rubrik, ✓ Education qualifications satisfied, ✓ Full-Time employment type",Offline,rec_wf_2b328532d0_gh_rubrik_8166537_41,52.0%,YES,https://www.rubrik.com/company/careers/departments/job.8166537?gh_jid=8166537,2026-09-30T14:36:50.029373+00:00
https://jobs.elastic.co/jobs?gh_jid=8237463&gh_jid=8237463,Bangalore,Elastic,elastic.co,2026-09-29T04:39:57-04:00,"Verified live opening for Platform Engineer - Kubernetes at Elastic. Department: Engineering. Location: Bangalore, India. Apply directly on official Greenhouse ATS.","Verified live opening for Platform Engineer - Kubernetes at Elastic. Department: Engineering. Location: Bangalore, India. Apply directly on official Greenhouse ATS.",full-time,0-5 yrs,False,Platform Engineer - Kubernetes,"Bangalore, Karnataka, India",52.0,Offline (On-site),Greenhouse,"⚠ Python not explicitly emphasized, ⚠ Fastapi not explicitly emphasized, ⚠ Role title differs from target keywords","{'freshness_score': 95.0, 'source_confidence': 98.0, 'listing_quality_score': 85.0, 'risk_signals': []}",on-site,Not Disclosed,"{'skills': {'score': 0, 'max': 30}, 'role': {'score': 6, 'max': 20}, 'experience': {'score': 14, 'max': 15}, 'location': {'score': 10, 'max': 10}, 'education': {'score': 5, 'max': 5}, 'employment': {'score': 5, 'max': 5}, 'salary': {'score': 4, 'max': 5}, 'freshness': {'score': 4, 'max': 5}, 'requirements': {'score': 4, 'max': 5}}","Software Engineering, Systems Architecture","greenhouse, company-careers","✓ Offline fit: Bangalore, Karnataka, India at Elastic, ✓ Education qualifications satisfied, ✓ Full-Time employment type",Offline,rec_wf_2b328532d0_gh_elastic_8237463_42,52.0%,YES,https://jobs.elastic.co/jobs?gh_jid=8237463&gh_jid=8237463,2026-09-30T14:36:50.039286+00:00
https://stripe.com/jobs/search?gh_jid=8227570,Bangalore,Stripe,stripe.com,2026-09-29T05:00:02-04:00,Verified live opening for Global People Operations - Systems Administrator at Stripe. Department: Engineering. Location: Bengaluru. Apply directly on official Greenhouse ATS.,Verified live opening for Global People Operations - Systems Administrator at Stripe. Department: Engineering. Location: Bengaluru. Apply directly on official Greenhouse ATS.,full-time,0-5 yrs,False,Global People Operations - Systems Administrator,"Bangalore, Karnataka, India",52.0,Offline (On-site),Greenhouse,"⚠ Python not explicitly emphasized, ⚠ Fastapi not explicitly emphasized, ⚠ Role title differs from target keywords","{'freshness_score': 95.0, 'source_confidence': 98.0, 'listing_quality_score': 85.0, 'risk_signals': []}",on-site,Not Disclosed,"{'skills': {'score': 0, 'max': 30}, 'role': {'score': 6, 'max': 20}, 'experience': {'score': 14, 'max': 15}, 'location': {'score': 10, 'max': 10}, 'education': {'score': 5, 'max': 5}, 'employment': {'score': 5, 'max': 5}, 'salary': {'score': 4, 'max': 5}, 'freshness': {'score': 4, 'max': 5}, 'requirements': {'score': 4, 'max': 5}}","Software Engineering, Systems Architecture","greenhouse, company-careers","✓ Offline fit: Bangalore, Karnataka, India at Stripe, ✓ Education qualifications satisfied, ✓ Full-Time employment type",Offline,rec_wf_2b328532d0_gh_stripe_8227570_43,52.0%,YES,https://stripe.com/jobs/search?gh_jid=8227570,2026-09-30T14:36:50.046335+00:00
https://www.coinbase.com/careers/positions/8021650?gh_jid=8021650,Remote - Israel,Coinbase,coinbase.com,2026-09-28T01:38:26-04:00,Verified live opening for Staff Software Engineer at Coinbase. Department: Engineering. Location: Remote - Israel. Apply directly on official Greenhouse ATS.,Verified live opening for Staff Software Engineer at Coinbase. Department: Engineering. Location: Remote - Israel. Apply directly on official Greenhouse ATS.,full-time,0-5 yrs,False,Staff Software Engineer,Remote - Israel,52.0,Online (Remote),Greenhouse,"⚠ Python not explicitly emphasized, ⚠ Fastapi not explicitly emphasized, ⚠ Role title differs from target keywords","{'freshness_score': 95.0, 'source_confidence': 98.0, 'listing_quality_score': 85.0, 'risk_signals': []}",remote,Not Disclosed,"{'skills': {'score': 0, 'max': 30}, 'role': {'score': 6, 'max': 20}, 'experience': {'score': 14, 'max': 15}, 'location': {'score': 10, 'max': 10}, 'education': {'score': 5, 'max': 5}, 'employment': {'score': 5, 'max': 5}, 'salary': {'score': 4, 'max': 5}, 'freshness': {'score': 4, 'max': 5}, 'requirements': {'score': 4, 'max': 5}}","Software Engineering, Systems Architecture","greenhouse, company-careers","✓ Online (Remote) fit: Remote - Israel at Coinbase, ✓ Education qualifications satisfied, ✓ Full-Time employment type",Online,rec_wf_2b328532d0_gh_coinbase_8021650_44,52.0%,YES,https://www.coinbase.com/careers/positions/8021650?gh_jid=8021650,2026-09-30T14:36:50.051854+00:00
https://www.arbeitnow.ch/jobs/companies/sofitechsolutions/full-stack-developer-multichannel-experience-244022,None,Sofitechsolutions,arbeitnow.com,2026-09-28T14:55:04+00:00,"Employee Applicant Privacy Notice Who we are: Welcoming, collaborative and having the opportunity to make an impact - is how our employees describe working here. SoFi Tech Solutions (formerly Galileo Financial Technologies) is a financial technology company that provides innovative and revolutionary software products and services that power some of the world's largest Fintechs. We are the only payments innovator that applies tech and engineering capabilities to empower Fintechs and financial institutions to unleash their full creativity to achieve their most inspired goals. SoFi Tech Solutions leads its industry with superior fraud detection, security, decision-making analytics and regulatory compliance functionality combined with customized, responsive and flexible programs to accelerate the success of all payments companies and solve tomorrow's payments challenges today. We hire energetic and creative employees while providing them the opportunity to excel in their careers and make a difference for our clients. Learn more about us and why we work here at https://tech.sofi.com/careers/ . The role: We are looking for a Senior Software Engineer to play a key role in the design and implementation of our Cyberdigital white-labeled platform. As a full stack Senior Software Engineer, you’ll be in the middle of it all, acting as a force multiplier – you’ll work with stakeholders to implement functionality, architect our systems, squash bugs, and continually grow as an engineer. The ideal candidate is both forward-thinking and hands-on, has a strong sense of ownership and drive for delivery, and is a good mentor and co-worker. You will be responsible for collaborating with engineering leaders on the architecture direction and making sure you are supporting the team in adopting standards and ensuring that user-facing platforms are robust, maintainable and secure. You will work closely with product management, UX, backend architects, and delivery teams to translate business and user needs into elegant technical solutions. What you’ll do: Full development life-cycle design from project requirement to deployment. Work on automation and improvement of data exchanges and data pipelines between internal and external teams. Facilitate the definition of project scope, deliverables, and goals. Lead cross-functional delivery teams to ensure deliverables are met. Track project performance against defined milestones/goals. Conduct process improvement projects to increase performance in vital program metrics. Communicate ongoing project health with key stakeholders and business leadership. Maintain strict compliance with established project management policies and guidelines. Take initiative and produce timely results in a fast-paced and sometimes ambiguous environment. Make significant contributions to the code base. Define best practices and uphold coding standards. Consistently demonstrate extremely high levels of technical knowledge, ingenuity, and creativity. Develop and apply advanced technologies, engineering principles, theories, and concepts. Broad knowledge about the design and operation of systems outside of specialty. Work within the Engineering team to develop features that specifically benefit our users. Must be able to deliver high-quality code on schedule and communicate with groups in and outside the development team. What you’ll need: Bachelor’s Degree, Computer Science Degree, or equivalent from a fully-accredited college or university. 4+ years of Flutter programming experience. Experience with ReactJS, Java and NodeJS Advanced Level of English. Experience working in full stack, multi-channel products A proven understanding of web standards, performance, best practices, security and browser internals. Willingness to roll up your sleeves, collaborate with others, and get stuff done. Solid sense of responsibility; driving a project from inception to completion. Proven experience in production operations and support. Experience working in a collaborative coding environment, refining designs together, working through code reviews, and managing pull requests. Take initiative and produce timely results in a fast-paced and sometimes ambiguous environment. Nice to have: Kubernetes and microservices architecture Solid understanding of web technologies and standards: Security best practices (XSS, CSRF, auth flows, secure storage, etc.) API integration (REST, GraphQL) JavaScript / TypeScript HTML5, CSS3, responsive design Modern build and tooling ecosystems (Webpack, Vite, npm/yarn/pnpm, etc.) Compensation and Benefits The base pay range for this role is listed below. Final base pay offer will be determined based on individual factors such as the candidate’s experience, skills, and location. This role may also be eligible for a bonus and/or long term incentives. Your recruiter will provide more information to you. All roles are eligible for competitive benefits. More information about our employee benefits can be found in the link below. Benefits To view all of our comprehensive and competitive benefits, visit our Benefits at SoFi & Galileo page! US-Based Base Compensation $1 — $2 USD SoFi Tech Solutions provides equal employment opportunities (EEO) to all employees and applicants for employment without regard to race, color, religion (including religious dress and grooming practices), sex (including pregnancy, childbirth and related medical conditions, breastfeeding, and conditions related to breastfeeding), gender, gender identity, gender expression, national origin, ancestry, age (40 or over), physical or medical disability, medical condition, marital status, registered domestic partner status, sexual orientation, genetic information, military and/or veteran status, or any other basis prohibited by applicable state or federal law. The Company hires the best qualified candidate for the job, without regard to protected characteristics. Pursuant to the San Francisco Fair Chance Ordinance, we will consider for employment qualified applicants with arrest and conviction records. New York applicants: Notice of Employee Rights SoFi Tech Solutions is committed to an inclusive culture. As part of this commitment, SoFi Tech Solutions offers reasonable accommodations to candidates with physical or mental disabilities. If you need accommodations to participate in the job application or interview process, please let your recruiter know or email We are unable to accommodate remote work from Hawaii, Alaska or Puerto Rico at this time. Internal Employees If you are a current employee, do not apply here - please navigate to our Internal Job Board in Greenhouse to apply to our open roles.","Employee Applicant Privacy Notice Who we are: Welcoming, collaborative and having the opportunity to make an impact - is how our employees describe working here. SoFi Tech Solutions (formerly Galileo Financial Technologies) is a financial technology company that provides innovative and revolutionary software products and services that power some of the world's largest Fintechs. We are the only pay",full-time,0-3 yrs,False,"Full Stack Developer, Multichannel Experience",Remote / Unspecified,52.0,Online (Remote),Arbeitnow,"⚠ Python not explicitly emphasized, ⚠ Fastapi not explicitly emphasized, ⚠ Role title differs from target keywords","{'freshness_score': 95.0, 'source_confidence': 90.0, 'listing_quality_score': 95.0, 'risk_signals': []}",remote,Not Disclosed,"{'skills': {'score': 0, 'max': 30}, 'role': {'score': 6, 'max': 20}, 'experience': {'score': 14, 'max': 15}, 'location': {'score': 10, 'max': 10}, 'education': {'score': 5, 'max': 5}, 'employment': {'score': 5, 'max': 5}, 'salary': {'score': 4, 'max': 5}, 'freshness': {'score': 4, 'max': 5}, 'requirements': {'score': 4, 'max': 5}}",Sts Debit And Credit Engineering,arbeitnow,"✓ Online (Remote) fit: Remote / Unspecified at Sofitechsolutions, ✓ Education qualifications satisfied, ✓ Full-Time employment type",Online,rec_wf_2b328532d0_abn_full-stack-developer-mul_45,52.0%,YES,https://www.arbeitnow.ch/jobs/companies/sofitechsolutions/full-stack-developer-multichannel-experience-244022,2026-09-30T14:36:50.059229+00:00
https://www.arbeitnow.ch/jobs/companies/datadog/remote-senior-software-engineer-redapl-graph-engine-47394,Remote (Remote),Datadog,arbeitnow.com,2026-09-28T11:55:07+00:00,"Please note that the job is only available from the locations outlined. We are looking for a Senior Software Engineer to help us take REDAPL, our Referential Data Platform, to the next level. REDAPL is Datadog's main platform for tracking our customers' infrastructure resources and relationships. The platform enables products where customers can understand, keep track of, and gain insights into their infrastructure related to performance, cost, security, and more. Many Datadog products use REDAPL today such Cloud Security Posture Management, Resource Catalog, Cloud Cost Management, and Service Catalog and others - REDAPL ingests more than 4.5mil updates/second. As a Senior Engineer, you will drive, lead and collaborate on projects both inside and outside the platform. You can expect to contribute to key technical decisions relating to our data ingestion, processing, and query pipelines. At Datadog, we place value in our office culture - the relationships and collaboration it builds and the creativity it brings to the table. We operate as a hybrid workplace to ensure our Datadogs can create a work-life harmony that best fits them. What You’ll Do: Build a query engine that supports efficient relationship traversals for our most demanding workloads. Contribute to design and drive high-priority, high-visibility projects to increase the platform's value, resilience, and scalability across multiple teams. Lead and guide other engineers through architectural platform decisions Identify potential system risks and trends in reliability and design solutions to address them Provide input on prioritizing engineering-led initiatives in short- and long-term planning and roadmaps Collaborate with internal product teams to understand their requirements and how we plan for their product growth as they integrate and depend on REDAPL Who You Are: You have a BS/MS/PhD in a Computer Science, Engineering or related scientific field or equivalent experience You have worked extensively with multiple types of data stores. You have contributed to initiatives in a platform or infrastructure-focused environment for several years You have led impactful technical initiatives in an environment where performance, cost efficiency, ease of use, and resilience/operability are first-order concerns You have significant back-end engineering experience and have built, and operated distributed systems to solve problems at a high scale Bonus points: You have experience working with Graph Databases such as Neo4j, Memgraph, JanusGraph, ArangoDB, Amazon Neptune or PuppyGraph. You have production-grade experience with Apache Iceberg You have a solid grasp of query planning or better yet - contributed to a production-grade query engines or related projects (e.g. Trino, Calcite, Substrait, DataFusion, etc) ideally demonstrated through open-source contributions or PMC membership on projects. Datadog values people from all walks of life. We understand not everyone will meet all the above qualifications on day one. That's okay. If you’re passionate about technology and want to grow your skills, we encourage you to apply. Benefits and Growth: Get to build tools for software engineers, just like yourself. And use the tools we build to accelerate our development. Have a lot of influence on product direction and impact on the business . Work with skilled, knowledgeable, and kind teammates who are happy to teach and learn Competitive global benefits Continuous professional development Benefits and Growth listed above may vary based on the country of your employment and the nature of your employment with Datadog. #LI-Remote About Datadog: Datadog is the leading observability and security platform for the AI era, providing businesses with unified visibility across the technology stack to manage complexity at scale. It brings applications, infrastructure, data, models, and security into one place, using AI to detect and resolve issues before they impact customers. Trusted globally by Fortune 500 companies and high-growth AI leaders, Datadog enables businesses to move faster with clarity and confidence. Learn more about #DatadogLife on Instagram , LinkedIn, and Datadog Learning Center. Equal Opportunity at Datadog: Datadog is proud to offer equal employment opportunity to everyone regardless of race, color, ancestry, religion, sex, national origin, sexual orientation, age, citizenship, marital status, disability, gender identity, veteran status, and other characteristics protected by law. We also consider qualified applicants regardless of criminal histories, consistent with legal requirements. Here are our Candidate Legal Notices for your reference. Datadog endeavors to make our Careers Page accessible to all users. If you would like to contact us regarding the accessibility of our website or need assistance completing the application process, please complete this form . This form is for accommodation requests only and cannot be used to inquire about the status of applications. Privacy and AI Guidelines: Any information you submit to Datadog as part of your application will be processed in accordance with Datadog’s Applicant and Candidate Privacy Notice . For information on our AI policy, please visit Interviewing at Datadog AI Guidelines .","Please note that the job is only available from the locations outlined. We are looking for a Senior Software Engineer to help us take REDAPL, our Referential Data Platform, to the next level. REDAPL is Datadog's main platform for tracking our customers' infrastructure resources and relationships. The platform enables products where customers can understand, keep track of, and gain insights into th",full-time,0-3 yrs,False,Senior Software Engineer - REDAPL Graph Engine,Remote (Remote),52.0,Online (Remote),Arbeitnow,"⚠ Python not explicitly emphasized, ⚠ Fastapi not explicitly emphasized, ⚠ Role title differs from target keywords","{'freshness_score': 95.0, 'source_confidence': 90.0, 'listing_quality_score': 95.0, 'risk_signals': []}",remote,Not Disclosed,"{'skills': {'score': 0, 'max': 30}, 'role': {'score': 6, 'max': 20}, 'experience': {'score': 14, 'max': 15}, 'location': {'score': 10, 'max': 10}, 'education': {'score': 5, 'max': 5}, 'employment': {'score': 5, 'max': 5}, 'salary': {'score': 4, 'max': 5}, 'freshness': {'score': 4, 'max': 5}, 'requirements': {'score': 4, 'max': 5}}",Dev Eng,arbeitnow,"✓ Online (Remote) fit: Remote (Remote) at Datadog, ✓ Education qualifications satisfied, ✓ Full-Time employment type",Online,rec_wf_2b328532d0_abn_remote-senior-software-e_46,52.0%,YES,https://www.arbeitnow.ch/jobs/companies/datadog/remote-senior-software-engineer-redapl-graph-engine-47394,2026-09-30T14:36:50.070294+00:00
https://www.arbeitnow.ch/jobs/companies/capco/genesys-solution-architect-404081,None,capco,arbeitnow.com,2026-09-28T08:55:24+00:00,"Joining Capco means joining an organisation that is committed to an inclusive working environment where you’re encouraged to #BeYourselfAtWork. We celebrate individuality and recognize that diversity and inclusion, in all forms, is critical to success. It’s important to us that we recruit and develop as diverse a range of talent as we can and we believe that everyone brings something different to the table – so we’d love to know what makes you different. Such differences may mean we need to make changes to our process to allow you the best possible platform to succeed, and we are happy to cater to any reasonable adjustments you may require. You will find the section to let us know of these at the bottom of your application form or you can mention it directly to your recruiter at any stage and they will be happy to help. About Capco Capco is a global technology and business consultancy, focused on the financial services sector. We are passionate about helping our clients succeed in an ever-changing industry. We are: Experts in capital markets, banking and payments and wealth and asset management Deep knowledge in financial services offering, including e.g. Finance , Risk and Compliance, Financial Crime, Core Banking etc. Committed to growing our business and hiring the best talent to help us get there Focus on maintaining our nimble, agile and entrepreneurial culture The Role: Capco is seeking an experienced Genesys Solution Architect to lead the architecture, design, and implementation of Genesys Cloud CX solutions within a complex banking environment. Acting as the primary technical authority for Genesys-related solution decisions, you will work closely with business stakeholders, engineering teams, and client leadership to deliver innovative customer experience capabilities across voice, digital, and conversational AI channels. This role offers the opportunity to work on large-scale transformation programmes, helping financial institutions modernise their contact centre capabilities while ensuring alignment with enterprise architecture, security, compliance, and operational requirements. What You’ll Do: Lead the end-to-end solution architecture, design, and implementation of Genesys Cloud CX platforms within complex banking environments. Define scalable architectures across Voice, IVR, Routing, Workforce Engagement Management (WEM), Digital Channels, Reporting, and Conversational AI capabilities. Facilitate architecture workshops and design authority forums, providing technical leadership across business, technology, operations, and vendor teams. Design integration solutions leveraging REST APIs, Web Services, OAuth, middleware platforms, and event-driven architectures. Ensure alignment with enterprise architecture standards, security policies, regulatory requirements, and operational best practices. What We’re Looking For: Proven experience as a Genesys Solution Architect delivering large-scale contact centre transformation programmes. Deep expertise in Genesys Cloud CX architecture, deployment, configuration, and operational design. Strong understanding of cloud-native architectures, SaaS operating models, integration patterns, and customer engagement technologies. Experience working within highly regulated industries, ideally Banking or Financial Services. Excellent stakeholder management, communication, analytical, and problem-solving skills with the ability to engage both technical and executive audiences. Bonus Points For Genesys Cloud CX certifications. Experience designing Conversational AI, Voicebot, and Chatbot solutions. Experience integrating Genesys with CRM platforms such as Salesforce, Microsoft Dynamics, SAP, or equivalent solutions. Knowledge of Agile delivery frameworks including Scrum and SAFe. Professional working proficiency in German and familiarity with Swiss banking regulatory and security requirements. Why Join Capco: Deliver high-impact technology solutions for Tier 1 financial institutions. Work in a collaborative, flat, and entrepreneurial consulting culture. Access continuous learning, training, and industry certifications. Be part of a team shaping the future of digital financial services. Help shape the future of digital transformation across FS & Energy. Ready to take the Next Step If this sounds like you, we would love to hear from you. This is an opportunity to make a difference and contribute to a highly successful company with a significant growth trajectory.","Joining Capco means joining an organisation that is committed to an inclusive working environment where you’re encouraged to #BeYourselfAtWork. We celebrate individuality and recognize that diversity and inclusion, in all forms, is critical to success. It’s important to us that we recruit and develop as diverse a range of talent as we can and we believe that everyone brings something different to ",full-time,0-3 yrs,False,Genesys Solution Architect,Remote / Unspecified,52.0,Online (Remote),Arbeitnow,"⚠ Python not explicitly emphasized, ⚠ Fastapi not explicitly emphasized, ⚠ Role title differs from target keywords","{'freshness_score': 95.0, 'source_confidence': 90.0, 'listing_quality_score': 95.0, 'risk_signals': []}",remote,Not Disclosed,"{'skills': {'score': 0, 'max': 30}, 'role': {'score': 6, 'max': 20}, 'experience': {'score': 14, 'max': 15}, 'location': {'score': 10, 'max': 10}, 'education': {'score': 5, 'max': 5}, 'employment': {'score': 5, 'max': 5}, 'salary': {'score': 4, 'max': 5}, 'freshness': {'score': 4, 'max': 5}, 'requirements': {'score': 4, 'max': 5}}",Business Consulting,arbeitnow,"✓ Online (Remote) fit: Remote / Unspecified at capco, ✓ Education qualifications satisfied, ✓ Full-Time employment type",Online,rec_wf_2b328532d0_abn_genesys-solution-archite_47,52.0%,YES,https://www.arbeitnow.ch/jobs/companies/capco/genesys-solution-architect-404081,2026-09-30T14:36:50.077835+00:00
https://job-boards.greenhouse.io/inmobi/jobs/6918622,Bangalore,InMobi,inmobi.com,2026-09-24T04:31:32-04:00,Verified live opening for Associate Product Manager - MSD Financial Systems and Transformation at InMobi. Department: Engineering. Location: Bengaluru. Apply directly on official Greenhouse ATS.,Verified live opening for Associate Product Manager - MSD Financial Systems and Transformation at InMobi. Department: Engineering. Location: Bengaluru. Apply directly on official Greenhouse ATS.,full-time,0-5 yrs,False,Associate Product Manager - MSD Financial Systems and Transformation,"Bangalore, Karnataka, India",51.0,Offline (On-site),Greenhouse,"⚠ Python not explicitly emphasized, ⚠ Fastapi not explicitly emphasized, ⚠ Role title differs from target keywords","{'freshness_score': 80.0, 'source_confidence': 98.0, 'listing_quality_score': 85.0, 'risk_signals': []}",on-site,Not Disclosed,"{'skills': {'score': 0, 'max': 30}, 'role': {'score': 6, 'max': 20}, 'experience': {'score': 14, 'max': 15}, 'location': {'score': 10, 'max': 10}, 'education': {'score': 5, 'max': 5}, 'employment': {'score': 5, 'max': 5}, 'salary': {'score': 4, 'max': 5}, 'freshness': {'score': 3, 'max': 5}, 'requirements': {'score': 4, 'max': 5}}","Software Engineering, Systems Architecture","greenhouse, company-careers","✓ Offline fit: Bangalore, Karnataka, India at InMobi, ✓ Education qualifications satisfied, ✓ Full-Time employment type",Offline,rec_wf_2b328532d0_gh_inmobi_6918622_48,51.0%,YES,https://job-boards.greenhouse.io/inmobi/jobs/6918622,2026-09-30T14:36:50.082589+00:00
https://job-boards.greenhouse.io/inmobi/jobs/8073988,Bangalore,InMobi,inmobi.com,2026-09-24T04:31:32-04:00,Verified live opening for SDE II - AI at InMobi. Department: Engineering. Location: Bangalore. Apply directly on official Greenhouse ATS.,Verified live opening for SDE II - AI at InMobi. Department: Engineering. Location: Bangalore. Apply directly on official Greenhouse ATS.,full-time,0-5 yrs,False,SDE II - AI,"Bangalore, Karnataka, India",51.0,Offline (On-site),Greenhouse,"⚠ Python not explicitly emphasized, ⚠ Fastapi not explicitly emphasized, ⚠ Role title differs from target keywords","{'freshness_score': 80.0, 'source_confidence': 98.0, 'listing_quality_score': 85.0, 'risk_signals': []}",on-site,Not Disclosed,"{'skills': {'score': 0, 'max': 30}, 'role': {'score': 6, 'max': 20}, 'experience': {'score': 14, 'max': 15}, 'location': {'score': 10, 'max': 10}, 'education': {'score': 5, 'max': 5}, 'employment': {'score': 5, 'max': 5}, 'salary': {'score': 4, 'max': 5}, 'freshness': {'score': 3, 'max': 5}, 'requirements': {'score': 4, 'max': 5}}","Software Engineering, Systems Architecture","greenhouse, company-careers","✓ Offline fit: Bangalore, Karnataka, India at InMobi, ✓ Education qualifications satisfied, ✓ Full-Time employment type",Offline,rec_wf_2b328532d0_gh_inmobi_8073988_49,51.0%,YES,https://job-boards.greenhouse.io/inmobi/jobs/8073988,2026-09-30T14:36:50.087710+00:00
https://job-boards.greenhouse.io/inmobi/jobs/7393433,Bangalore,InMobi,inmobi.com,2026-09-24T04:31:32-04:00,Verified live opening for SDE III - Devops at InMobi. Department: Engineering. Location: Bangalore. Apply directly on official Greenhouse ATS.,Verified live opening for SDE III - Devops at InMobi. Department: Engineering. Location: Bangalore. Apply directly on official Greenhouse ATS.,full-time,0-5 yrs,False,SDE III - Devops,"Bangalore, Karnataka, India",51.0,Offline (On-site),Greenhouse,"⚠ Python not explicitly emphasized, ⚠ Fastapi not explicitly emphasized, ⚠ Role title differs from target keywords","{'freshness_score': 80.0, 'source_confidence': 98.0, 'listing_quality_score': 85.0, 'risk_signals': []}",on-site,Not Disclosed,"{'skills': {'score': 0, 'max': 30}, 'role': {'score': 6, 'max': 20}, 'experience': {'score': 14, 'max': 15}, 'location': {'score': 10, 'max': 10}, 'education': {'score': 5, 'max': 5}, 'employment': {'score': 5, 'max': 5}, 'salary': {'score': 4, 'max': 5}, 'freshness': {'score': 3, 'max': 5}, 'requirements': {'score': 4, 'max': 5}}","Software Engineering, Systems Architecture","greenhouse, company-careers","✓ Offline fit: Bangalore, Karnataka, India at InMobi, ✓ Education qualifications satisfied, ✓ Full-Time employment type",Offline,rec_wf_2b328532d0_gh_inmobi_7393433_50,51.0%,YES,https://job-boards.greenhouse.io/inmobi/jobs/7393433,2026-09-30T14:36:50.094673+00:00
https://www.rubrik.com/company/careers/departments/job.7546762?gh_jid=7546762,Bangalore,Rubrik,rubrik.com,2026-09-10T04:51:08-04:00,"Verified live opening for Corporate IT Architect at Rubrik. Department: Engineering. Location: Bangalore, India. Apply directly on official Greenhouse ATS.","Verified live opening for Corporate IT Architect at Rubrik. Department: Engineering. Location: Bangalore, India. Apply directly on official Greenhouse ATS.",full-time,0-5 yrs,False,Corporate IT Architect,"Bangalore, Karnataka, India",51.0,Offline (On-site),Greenhouse,"⚠ Python not explicitly emphasized, ⚠ Fastapi not explicitly emphasized, ⚠ Role title differs from target keywords","{'freshness_score': 80.0, 'source_confidence': 98.0, 'listing_quality_score': 85.0, 'risk_signals': []}",on-site,Not Disclosed,"{'skills': {'score': 0, 'max': 30}, 'role': {'score': 6, 'max': 20}, 'experience': {'score': 14, 'max': 15}, 'location': {'score': 10, 'max': 10}, 'education': {'score': 5, 'max': 5}, 'employment': {'score': 5, 'max': 5}, 'salary': {'score': 4, 'max': 5}, 'freshness': {'score': 3, 'max': 5}, 'requirements': {'score': 4, 'max': 5}}","Software Engineering, Systems Architecture","greenhouse, company-careers","✓ Offline fit: Bangalore, Karnataka, India at Rubrik, ✓ Education qualifications satisfied, ✓ Full-Time employment type",Offline,rec_wf_2b328532d0_gh_rubrik_7546762_51,51.0%,YES,https://www.rubrik.com/company/careers/departments/job.7546762?gh_jid=7546762,2026-09-30T14:36:50.103532+00:00
https://www.rubrik.com/company/careers/departments/job.8161018?gh_jid=8161018,Bangalore,Rubrik,rubrik.com,2026-09-03T14:19:40-04:00,Verified live opening for Engineering Manager Polaris Platform at Rubrik. Department: Engineering. Location: Bengaluru. Apply directly on official Greenhouse ATS.,Verified live opening for Engineering Manager Polaris Platform at Rubrik. Department: Engineering. Location: Bengaluru. Apply directly on official Greenhouse ATS.,full-time,0-5 yrs,False,Engineering Manager Polaris Platform,"Bangalore, Karnataka, India",51.0,Offline (On-site),Greenhouse,"⚠ Python not explicitly emphasized, ⚠ Fastapi not explicitly emphasized, ⚠ Role title differs from target keywords","{'freshness_score': 80.0, 'source_confidence': 98.0, 'listing_quality_score': 85.0, 'risk_signals': []}",on-site,Not Disclosed,"{'skills': {'score': 0, 'max': 30}, 'role': {'score': 6, 'max': 20}, 'experience': {'score': 14, 'max': 15}, 'location': {'score': 10, 'max': 10}, 'education': {'score': 5, 'max': 5}, 'employment': {'score': 5, 'max': 5}, 'salary': {'score': 4, 'max': 5}, 'freshness': {'score': 3, 'max': 5}, 'requirements': {'score': 4, 'max': 5}}","Software Engineering, Systems Architecture","greenhouse, company-careers","✓ Offline fit: Bangalore, Karnataka, India at Rubrik, ✓ Education qualifications satisfied, ✓ Full-Time employment type",Offline,rec_wf_2b328532d0_gh_rubrik_8161018_52,51.0%,YES,https://www.rubrik.com/company/careers/departments/job.8161018?gh_jid=8161018,2026-09-30T14:36:50.109166+00:00
https://www.rubrik.com/company/careers/departments/job.7956920?gh_jid=7956920,Bangalore,Rubrik,rubrik.com,2026-09-03T14:19:36-04:00,Verified live opening for Senior Software Engineer - CPD (IAM) at Rubrik. Department: Engineering. Location: Bengaluru. Apply directly on official Greenhouse ATS.,Verified live opening for Senior Software Engineer - CPD (IAM) at Rubrik. Department: Engineering. Location: Bengaluru. Apply directly on official Greenhouse ATS.,full-time,0-5 yrs,False,Senior Software Engineer - CPD (IAM),"Bangalore, Karnataka, India",51.0,Offline (On-site),Greenhouse,"⚠ Python not explicitly emphasized, ⚠ Fastapi not explicitly emphasized, ⚠ Role title differs from target keywords","{'freshness_score': 80.0, 'source_confidence': 98.0, 'listing_quality_score': 85.0, 'risk_signals': []}",on-site,Not Disclosed,"{'skills': {'score': 0, 'max': 30}, 'role': {'score': 6, 'max': 20}, 'experience': {'score': 14, 'max': 15}, 'location': {'score': 10, 'max': 10}, 'education': {'score': 5, 'max': 5}, 'employment': {'score': 5, 'max': 5}, 'salary': {'score': 4, 'max': 5}, 'freshness': {'score': 3, 'max': 5}, 'requirements': {'score': 4, 'max': 5}}","Software Engineering, Systems Architecture","greenhouse, company-careers","✓ Offline fit: Bangalore, Karnataka, India at Rubrik, ✓ Education qualifications satisfied, ✓ Full-Time employment type",Offline,rec_wf_2b328532d0_gh_rubrik_7956920_53,51.0%,YES,https://www.rubrik.com/company/careers/departments/job.7956920?gh_jid=7956920,2026-09-30T14:36:50.114817+00:00
https://www.rubrik.com/company/careers/departments/job.7849713?gh_jid=7849713,Bangalore,Rubrik,rubrik.com,2026-09-03T14:19:36-04:00,Verified live opening for Senior Software Engineer - Enterprise AI at Rubrik. Department: Engineering. Location: Bangalore. Apply directly on official Greenhouse ATS.,Verified live opening for Senior Software Engineer - Enterprise AI at Rubrik. Department: Engineering. Location: Bangalore. Apply directly on official Greenhouse ATS.,full-time,0-5 yrs,False,Senior Software Engineer - Enterprise AI,"Bangalore, Karnataka, India",51.0,Offline (On-site),Greenhouse,"⚠ Python not explicitly emphasized, ⚠ Fastapi not explicitly emphasized, ⚠ Role title differs from target keywords","{'freshness_score': 80.0, 'source_confidence': 98.0, 'listing_quality_score': 85.0, 'risk_signals': []}",on-site,Not Disclosed,"{'skills': {'score': 0, 'max': 30}, 'role': {'score': 6, 'max': 20}, 'experience': {'score': 14, 'max': 15}, 'location': {'score': 10, 'max': 10}, 'education': {'score': 5, 'max': 5}, 'employment': {'score': 5, 'max': 5}, 'salary': {'score': 4, 'max': 5}, 'freshness': {'score': 3, 'max': 5}, 'requirements': {'score': 4, 'max': 5}}","Software Engineering, Systems Architecture","greenhouse, company-careers","✓ Offline fit: Bangalore, Karnataka, India at Rubrik, ✓ Education qualifications satisfied, ✓ Full-Time employment type",Offline,rec_wf_2b328532d0_gh_rubrik_7849713_54,51.0%,YES,https://www.rubrik.com/company/careers/departments/job.7849713?gh_jid=7849713,2026-09-30T14:36:50.119627+00:00
https://www.rubrik.com/company/careers/departments/job.7715043?gh_jid=7715043,Bangalore,Rubrik,rubrik.com,2026-09-15T06:43:34-04:00,"Verified live opening for Staff Cloud Security Architect at Rubrik. Department: Engineering. Location: Bangalore, India. Apply directly on official Greenhouse ATS.","Verified live opening for Staff Cloud Security Architect at Rubrik. Department: Engineering. Location: Bangalore, India. Apply directly on official Greenhouse ATS.",full-time,0-5 yrs,False,Staff Cloud Security Architect,"Bangalore, Karnataka, India",51.0,Offline (On-site),Greenhouse,"⚠ Python not explicitly emphasized, ⚠ Fastapi not explicitly emphasized, ⚠ Role title differs from target keywords","{'freshness_score': 80.0, 'source_confidence': 98.0, 'listing_quality_score': 85.0, 'risk_signals': []}",on-site,Not Disclosed,"{'skills': {'score': 0, 'max': 30}, 'role': {'score': 6, 'max': 20}, 'experience': {'score': 14, 'max': 15}, 'location': {'score': 10, 'max': 10}, 'education': {'score': 5, 'max': 5}, 'employment': {'score': 5, 'max': 5}, 'salary': {'score': 4, 'max': 5}, 'freshness': {'score': 3, 'max': 5}, 'requirements': {'score': 4, 'max': 5}}","Software Engineering, Systems Architecture","greenhouse, company-careers","✓ Offline fit: Bangalore, Karnataka, India at Rubrik, ✓ Education qualifications satisfied, ✓ Full-Time employment type",Offline,rec_wf_2b328532d0_gh_rubrik_7715043_55,51.0%,YES,https://www.rubrik.com/company/careers/departments/job.7715043?gh_jid=7715043,2026-09-30T14:36:50.124553+00:00
https://boards.greenhouse.io/cloudflare/jobs/8049820?gh_jid=8049820,Distributed,Cloudflare,cloudflare.com,2026-09-15T16:13:13-04:00,"Verified live opening for Partner Solutions Architect- Service Providers Location New York/ New Jersey, Dallas, Denver or Seattle. at Cloudflare. Department: Engineering. Location: Distributed. Apply directly on official Greenhouse ATS.","Verified live opening for Partner Solutions Architect- Service Providers Location New York/ New Jersey, Dallas, Denver or Seattle. at Cloudflare. Department: Engineering. Location: Distributed. Apply directly on official Greenhouse ATS.",full-time,0-5 yrs,False,"Partner Solutions Architect- Service Providers  Location New York/ New Jersey, Dallas, Denver or Seattle.",Distributed,51.0,Online (Remote),Greenhouse,"⚠ Python not explicitly emphasized, ⚠ Fastapi not explicitly emphasized, ⚠ Role title differs from target keywords","{'freshness_score': 80.0, 'source_confidence': 98.0, 'listing_quality_score': 85.0, 'risk_signals': []}",remote,Not Disclosed,"{'skills': {'score': 0, 'max': 30}, 'role': {'score': 6, 'max': 20}, 'experience': {'score': 14, 'max': 15}, 'location': {'score': 10, 'max': 10}, 'education': {'score': 5, 'max': 5}, 'employment': {'score': 5, 'max': 5}, 'salary': {'score': 4, 'max': 5}, 'freshness': {'score': 3, 'max': 5}, 'requirements': {'score': 4, 'max': 5}}","Software Engineering, Systems Architecture","greenhouse, company-careers","✓ Online (Remote) fit: Distributed at Cloudflare, ✓ Education qualifications satisfied, ✓ Full-Time employment type",Online,rec_wf_2b328532d0_gh_cloudflare_8049820_56,51.0%,YES,https://boards.greenhouse.io/cloudflare/jobs/8049820?gh_jid=8049820,2026-09-30T14:36:50.132581+00:00
https://boards.greenhouse.io/cloudflare/jobs/7053411?gh_jid=7053411,Distributed,Cloudflare,cloudflare.com,2026-09-04T10:59:17-04:00,Verified live opening for Staff/Principal Software Engineer - Security Platform at Cloudflare. Department: Engineering. Location: Distributed. Apply directly on official Greenhouse ATS.,Verified live opening for Staff/Principal Software Engineer - Security Platform at Cloudflare. Department: Engineering. Location: Distributed. Apply directly on official Greenhouse ATS.,full-time,0-5 yrs,False,Staff/Principal Software Engineer - Security Platform,Distributed,51.0,Online (Remote),Greenhouse,"⚠ Python not explicitly emphasized, ⚠ Fastapi not explicitly emphasized, ⚠ Role title differs from target keywords","{'freshness_score': 80.0, 'source_confidence': 98.0, 'listing_quality_score': 85.0, 'risk_signals': []}",remote,Not Disclosed,"{'skills': {'score': 0, 'max': 30}, 'role': {'score': 6, 'max': 20}, 'experience': {'score': 14, 'max': 15}, 'location': {'score': 10, 'max': 10}, 'education': {'score': 5, 'max': 5}, 'employment': {'score': 5, 'max': 5}, 'salary': {'score': 4, 'max': 5}, 'freshness': {'score': 3, 'max': 5}, 'requirements': {'score': 4, 'max': 5}}","Software Engineering, Systems Architecture","greenhouse, company-careers","✓ Online (Remote) fit: Distributed at Cloudflare, ✓ Education qualifications satisfied, ✓ Full-Time employment type",Online,rec_wf_2b328532d0_gh_cloudflare_7053411_57,51.0%,YES,https://boards.greenhouse.io/cloudflare/jobs/7053411?gh_jid=7053411,2026-09-30T14:36:50.138823+00:00
https://jobs.elastic.co/jobs?gh_jid=8226083&gh_jid=8226083,Bangalore,Elastic,elastic.co,2026-09-25T03:59:55-04:00,"Verified live opening for Senior Partner Solutions Architect at Elastic. Department: Engineering. Location: Bangalore, India. Apply directly on official Greenhouse ATS.","Verified live opening for Senior Partner Solutions Architect at Elastic. Department: Engineering. Location: Bangalore, India. Apply directly on official Greenhouse ATS.",full-time,0-5 yrs,False,Senior Partner Solutions Architect,"Bangalore, Karnataka, India",51.0,Offline (On-site),Greenhouse,"⚠ Python not explicitly emphasized, ⚠ Fastapi not explicitly emphasized, ⚠ Role title differs from target keywords","{'freshness_score': 80.0, 'source_confidence': 98.0, 'listing_quality_score': 85.0, 'risk_signals': []}",on-site,Not Disclosed,"{'skills': {'score': 0, 'max': 30}, 'role': {'score': 6, 'max': 20}, 'experience': {'score': 14, 'max': 15}, 'location': {'score': 10, 'max': 10}, 'education': {'score': 5, 'max': 5}, 'employment': {'score': 5, 'max': 5}, 'salary': {'score': 4, 'max': 5}, 'freshness': {'score': 3, 'max': 5}, 'requirements': {'score': 4, 'max': 5}}","Software Engineering, Systems Architecture","greenhouse, company-careers","✓ Offline fit: Bangalore, Karnataka, India at Elastic, ✓ Education qualifications satisfied, ✓ Full-Time employment type",Offline,rec_wf_2b328532d0_gh_elastic_8226083_58,51.0%,YES,https://jobs.elastic.co/jobs?gh_jid=8226083&gh_jid=8226083,2026-09-30T14:36:50.145035+00:00
https://stripe.com/jobs/search?gh_jid=8130913,US-Remote,Stripe,stripe.com,2026-09-25T16:44:55-04:00,"Verified live opening for Designer, Web Presence & Platform at Stripe. Department: Engineering. Location: US-Remote. Apply directly on official Greenhouse ATS.","Verified live opening for Designer, Web Presence & Platform at Stripe. Department: Engineering. Location: US-Remote. Apply directly on official Greenhouse ATS.",full-time,0-5 yrs,False,"Designer, Web Presence & Platform",US-Remote,51.0,Online (Remote),Greenhouse,"⚠ Python not explicitly emphasized, ⚠ Fastapi not explicitly emphasized, ⚠ Role title differs from target keywords","{'freshness_score': 80.0, 'source_confidence': 98.0, 'listing_quality_score': 85.0, 'risk_signals': []}",remote,Not Disclosed,"{'skills': {'score': 0, 'max': 30}, 'role': {'score': 6, 'max': 20}, 'experience': {'score': 14, 'max': 15}, 'location': {'score': 10, 'max': 10}, 'education': {'score': 5, 'max': 5}, 'employment': {'score': 5, 'max': 5}, 'salary': {'score': 4, 'max': 5}, 'freshness': {'score': 3, 'max': 5}, 'requirements': {'score': 4, 'max': 5}}","Software Engineering, Systems Architecture","greenhouse, company-careers","✓ Online (Remote) fit: US-Remote at Stripe, ✓ Education qualifications satisfied, ✓ Full-Time employment type",Online,rec_wf_2b328532d0_gh_stripe_8130913_59,51.0%,YES,https://stripe.com/jobs/search?gh_jid=8130913,2026-09-30T14:36:50.151046+00:00
https://stripe.com/jobs/search?gh_jid=7728618,Remote,Stripe,stripe.com,2026-09-25T16:44:39-04:00,"Verified live opening for Pre-Sales Solutions Architect, Billing at Stripe. Department: Engineering. Location: Remote. Apply directly on official Greenhouse ATS.","Verified live opening for Pre-Sales Solutions Architect, Billing at Stripe. Department: Engineering. Location: Remote. Apply directly on official Greenhouse ATS.",full-time,0-5 yrs,False,"Pre-Sales Solutions Architect, Billing",Remote,51.0,Online (Remote),Greenhouse,"⚠ Python not explicitly emphasized, ⚠ Fastapi not explicitly emphasized, ⚠ Role title differs from target keywords","{'freshness_score': 80.0, 'source_confidence': 98.0, 'listing_quality_score': 85.0, 'risk_signals': []}",remote,Not Disclosed,"{'skills': {'score': 0, 'max': 30}, 'role': {'score': 6, 'max': 20}, 'experience': {'score': 14, 'max': 15}, 'location': {'score': 10, 'max': 10}, 'education': {'score': 5, 'max': 5}, 'employment': {'score': 5, 'max': 5}, 'salary': {'score': 4, 'max': 5}, 'freshness': {'score': 3, 'max': 5}, 'requirements': {'score': 4, 'max': 5}}","Software Engineering, Systems Architecture","greenhouse, company-careers","✓ Online (Remote) fit: Remote at Stripe, ✓ Education qualifications satisfied, ✓ Full-Time employment type",Online,rec_wf_2b328532d0_gh_stripe_7728618_60,51.0%,YES,https://stripe.com/jobs/search?gh_jid=7728618,2026-09-30T14:36:50.155321+00:00
https://stripe.com/jobs/search?gh_jid=7370967,NYC,Stripe,stripe.com,2026-09-25T16:44:36-04:00,"Verified live opening for Pre-Sales Solutions Architect, Money Management at Stripe. Department: Engineering. Location: NYC, SF, Chi, Remote. Apply directly on official Greenhouse ATS.","Verified live opening for Pre-Sales Solutions Architect, Money Management at Stripe. Department: Engineering. Location: NYC, SF, Chi, Remote. Apply directly on official Greenhouse ATS.",full-time,0-5 yrs,False,"Pre-Sales Solutions Architect, Money Management","NYC, SF, Chi, Remote",51.0,Online (Remote),Greenhouse,"⚠ Python not explicitly emphasized, ⚠ Fastapi not explicitly emphasized, ⚠ Role title differs from target keywords","{'freshness_score': 80.0, 'source_confidence': 98.0, 'listing_quality_score': 85.0, 'risk_signals': []}",remote,Not Disclosed,"{'skills': {'score': 0, 'max': 30}, 'role': {'score': 6, 'max': 20}, 'experience': {'score': 14, 'max': 15}, 'location': {'score': 10, 'max': 10}, 'education': {'score': 5, 'max': 5}, 'employment': {'score': 5, 'max': 5}, 'salary': {'score': 4, 'max': 5}, 'freshness': {'score': 3, 'max': 5}, 'requirements': {'score': 4, 'max': 5}}","Software Engineering, Systems Architecture","greenhouse, company-careers","✓ Online (Remote) fit: NYC, SF, Chi, Remote at Stripe, ✓ Education qualifications satisfied, ✓ Full-Time employment type",Online,rec_wf_2b328532d0_gh_stripe_7370967_61,51.0%,YES,https://stripe.com/jobs/search?gh_jid=7370967,2026-09-30T14:36:50.162559+00:00
https://stripe.com/jobs/search?gh_jid=8175820,Bangalore,Stripe,stripe.com,2026-09-25T16:45:01-04:00,Verified live opening for Seller Systems Team Lead (Night Shift) at Stripe. Department: Engineering. Location: Bengaluru. Apply directly on official Greenhouse ATS.,Verified live opening for Seller Systems Team Lead (Night Shift) at Stripe. Department: Engineering. Location: Bengaluru. Apply directly on official Greenhouse ATS.,full-time,0-5 yrs,False,Seller Systems Team Lead (Night Shift),"Bangalore, Karnataka, India",51.0,Offline (On-site),Greenhouse,"⚠ Python not explicitly emphasized, ⚠ Fastapi not explicitly emphasized, ⚠ Role title differs from target keywords","{'freshness_score': 80.0, 'source_confidence': 98.0, 'listing_quality_score': 85.0, 'risk_signals': []}",on-site,Not Disclosed,"{'skills': {'score': 0, 'max': 30}, 'role': {'score': 6, 'max': 20}, 'experience': {'score': 14, 'max': 15}, 'location': {'score': 10, 'max': 10}, 'education': {'score': 5, 'max': 5}, 'employment': {'score': 5, 'max': 5}, 'salary': {'score': 4, 'max': 5}, 'freshness': {'score': 3, 'max': 5}, 'requirements': {'score': 4, 'max': 5}}","Software Engineering, Systems Architecture","greenhouse, company-careers","✓ Offline fit: Bangalore, Karnataka, India at Stripe, ✓ Education qualifications satisfied, ✓ Full-Time employment type",Offline,rec_wf_2b328532d0_gh_stripe_8175820_62,51.0%,YES,https://stripe.com/jobs/search?gh_jid=8175820,2026-09-30T14:36:50.170365+00:00
https://stripe.com/jobs/search?gh_jid=8031833,Bangalore,Stripe,stripe.com,2026-09-25T16:44:48-04:00,"Verified live opening for Software Engineer, Intern at Stripe. Department: Engineering. Location: Bengaluru. Apply directly on official Greenhouse ATS.","Verified live opening for Software Engineer, Intern at Stripe. Department: Engineering. Location: Bengaluru. Apply directly on official Greenhouse ATS.",full-time,0-2 yrs,False,"Software Engineer, Intern","Bangalore, Karnataka, India",51.0,Offline (On-site),Greenhouse,"⚠ Python not explicitly emphasized, ⚠ Fastapi not explicitly emphasized, ⚠ Role title differs from target keywords","{'freshness_score': 80.0, 'source_confidence': 98.0, 'listing_quality_score': 85.0, 'risk_signals': []}",on-site,Not Disclosed,"{'skills': {'score': 0, 'max': 30}, 'role': {'score': 6, 'max': 20}, 'experience': {'score': 14, 'max': 15}, 'location': {'score': 10, 'max': 10}, 'education': {'score': 5, 'max': 5}, 'employment': {'score': 5, 'max': 5}, 'salary': {'score': 4, 'max': 5}, 'freshness': {'score': 3, 'max': 5}, 'requirements': {'score': 4, 'max': 5}}","Software Engineering, Systems Architecture","greenhouse, company-careers","✓ Offline fit: Bangalore, Karnataka, India at Stripe, ✓ Education qualifications satisfied, ✓ Full-Time employment type",Offline,rec_wf_2b328532d0_gh_stripe_8031833_63,51.0%,YES,https://stripe.com/jobs/search?gh_jid=8031833,2026-09-30T14:36:50.176973+00:00
https://stripe.com/jobs/search?gh_jid=7543868,Bangalore,Stripe,stripe.com,2026-09-25T16:44:37-04:00,"Verified live opening for Software Engineer, Internal Systems at Stripe. Department: Engineering. Location: Bengaluru, India. Apply directly on official Greenhouse ATS.","Verified live opening for Software Engineer, Internal Systems at Stripe. Department: Engineering. Location: Bengaluru, India. Apply directly on official Greenhouse ATS.",full-time,0-2 yrs,False,"Software Engineer, Internal Systems","Bangalore, Karnataka, India",51.0,Offline (On-site),Greenhouse,"⚠ Python not explicitly emphasized, ⚠ Fastapi not explicitly emphasized, ⚠ Role title differs from target keywords","{'freshness_score': 80.0, 'source_confidence': 98.0, 'listing_quality_score': 85.0, 'risk_signals': []}",on-site,Not Disclosed,"{'skills': {'score': 0, 'max': 30}, 'role': {'score': 6, 'max': 20}, 'experience': {'score': 14, 'max': 15}, 'location': {'score': 10, 'max': 10}, 'education': {'score': 5, 'max': 5}, 'employment': {'score': 5, 'max': 5}, 'salary': {'score': 4, 'max': 5}, 'freshness': {'score': 3, 'max': 5}, 'requirements': {'score': 4, 'max': 5}}","Software Engineering, Systems Architecture","greenhouse, company-careers","✓ Offline fit: Bangalore, Karnataka, India at Stripe, ✓ Education qualifications satisfied, ✓ Full-Time employment type",Offline,rec_wf_2b328532d0_gh_stripe_7543868_64,51.0%,YES,https://stripe.com/jobs/search?gh_jid=7543868,2026-09-30T14:36:50.183295+00:00
https://stripe.com/jobs/search?gh_jid=8209970,Bangalore,Stripe,stripe.com,2026-09-25T16:45:06-04:00,"Verified live opening for Software Engineer, Stripe Data Pipeline at Stripe. Department: Engineering. Location: Bangalore. Apply directly on official Greenhouse ATS.","Verified live opening for Software Engineer, Stripe Data Pipeline at Stripe. Department: Engineering. Location: Bangalore. Apply directly on official Greenhouse ATS.",full-time,0-5 yrs,False,"Software Engineer, Stripe Data Pipeline","Bangalore, Karnataka, India",51.0,Offline (On-site),Greenhouse,"⚠ Python not explicitly emphasized, ⚠ Fastapi not explicitly emphasized, ⚠ Role title differs from target keywords","{'freshness_score': 80.0, 'source_confidence': 98.0, 'listing_quality_score': 85.0, 'risk_signals': []}",on-site,Not Disclosed,"{'skills': {'score': 0, 'max': 30}, 'role': {'score': 6, 'max': 20}, 'experience': {'score': 14, 'max': 15}, 'location': {'score': 10, 'max': 10}, 'education': {'score': 5, 'max': 5}, 'employment': {'score': 5, 'max': 5}, 'salary': {'score': 4, 'max': 5}, 'freshness': {'score': 3, 'max': 5}, 'requirements': {'score': 4, 'max': 5}}","Software Engineering, Systems Architecture","greenhouse, company-careers","✓ Offline fit: Bangalore, Karnataka, India at Stripe, ✓ Education qualifications satisfied, ✓ Full-Time employment type",Offline,rec_wf_2b328532d0_gh_stripe_8209970_65,51.0%,YES,https://stripe.com/jobs/search?gh_jid=8209970,2026-09-30T14:36:50.188633+00:00
https://stripe.com/jobs/search?gh_jid=8089353,US - Remote,Stripe,stripe.com,2026-09-25T16:44:51-04:00,"Verified live opening for Software Engineer, Vulnerability Management at Stripe. Department: Engineering. Location: US - Remote. Apply directly on official Greenhouse ATS.","Verified live opening for Software Engineer, Vulnerability Management at Stripe. Department: Engineering. Location: US - Remote. Apply directly on official Greenhouse ATS.",full-time,0-5 yrs,False,"Software Engineer, Vulnerability Management",US - Remote,51.0,Online (Remote),Greenhouse,"⚠ Python not explicitly emphasized, ⚠ Fastapi not explicitly emphasized, ⚠ Role title differs from target keywords","{'freshness_score': 80.0, 'source_confidence': 98.0, 'listing_quality_score': 85.0, 'risk_signals': []}",remote,Not Disclosed,"{'skills': {'score': 0, 'max': 30}, 'role': {'score': 6, 'max': 20}, 'experience': {'score': 14, 'max': 15}, 'location': {'score': 10, 'max': 10}, 'education': {'score': 5, 'max': 5}, 'employment': {'score': 5, 'max': 5}, 'salary': {'score': 4, 'max': 5}, 'freshness': {'score': 3, 'max': 5}, 'requirements': {'score': 4, 'max': 5}}","Software Engineering, Systems Architecture","greenhouse, company-careers","✓ Online (Remote) fit: US - Remote at Stripe, ✓ Education qualifications satisfied, ✓ Full-Time employment type",Online,rec_wf_2b328532d0_gh_stripe_8089353_66,51.0%,YES,https://stripe.com/jobs/search?gh_jid=8089353,2026-09-30T14:36:50.195677+00:00
https://stripe.com/jobs/search?gh_jid=8042913,Bangalore,Stripe,stripe.com,2026-09-25T16:44:48-04:00,Verified live opening for Solutions Architect (India) at Stripe. Department: Engineering. Location: Bengaluru. Apply directly on official Greenhouse ATS.,Verified live opening for Solutions Architect (India) at Stripe. Department: Engineering. Location: Bengaluru. Apply directly on official Greenhouse ATS.,full-time,0-5 yrs,False,Solutions Architect (India),"Bangalore, Karnataka, India",51.0,Offline (On-site),Greenhouse,"⚠ Python not explicitly emphasized, ⚠ Fastapi not explicitly emphasized, ⚠ Role title differs from target keywords","{'freshness_score': 80.0, 'source_confidence': 98.0, 'listing_quality_score': 85.0, 'risk_signals': []}",on-site,Not Disclosed,"{'skills': {'score': 0, 'max': 30}, 'role': {'score': 6, 'max': 20}, 'experience': {'score': 14, 'max': 15}, 'location': {'score': 10, 'max': 10}, 'education': {'score': 5, 'max': 5}, 'employment': {'score': 5, 'max': 5}, 'salary': {'score': 4, 'max': 5}, 'freshness': {'score': 3, 'max': 5}, 'requirements': {'score': 4, 'max': 5}}","Software Engineering, Systems Architecture","greenhouse, company-careers","✓ Offline fit: Bangalore, Karnataka, India at Stripe, ✓ Education qualifications satisfied, ✓ Full-Time employment type",Offline,rec_wf_2b328532d0_gh_stripe_8042913_67,51.0%,YES,https://stripe.com/jobs/search?gh_jid=8042913,2026-09-30T14:36:50.205108+00:00
https://stripe.com/jobs/search?gh_jid=8144262,SF,Stripe,stripe.com,2026-09-25T16:44:56-04:00,"Verified live opening for Specialist Solutions Architect, Data at Stripe. Department: Engineering. Location: SF, NY, Remote. Apply directly on official Greenhouse ATS.","Verified live opening for Specialist Solutions Architect, Data at Stripe. Department: Engineering. Location: SF, NY, Remote. Apply directly on official Greenhouse ATS.",full-time,0-5 yrs,False,"Specialist Solutions Architect, Data","SF, NY, Remote",51.0,Online (Remote),Greenhouse,"⚠ Python not explicitly emphasized, ⚠ Fastapi not explicitly emphasized, ⚠ Role title differs from target keywords","{'freshness_score': 80.0, 'source_confidence': 98.0, 'listing_quality_score': 85.0, 'risk_signals': []}",remote,Not Disclosed,"{'skills': {'score': 0, 'max': 30}, 'role': {'score': 6, 'max': 20}, 'experience': {'score': 14, 'max': 15}, 'location': {'score': 10, 'max': 10}, 'education': {'score': 5, 'max': 5}, 'employment': {'score': 5, 'max': 5}, 'salary': {'score': 4, 'max': 5}, 'freshness': {'score': 3, 'max': 5}, 'requirements': {'score': 4, 'max': 5}}","Software Engineering, Systems Architecture","greenhouse, company-careers","✓ Online (Remote) fit: SF, NY, Remote at Stripe, ✓ Education qualifications satisfied, ✓ Full-Time employment type",Online,rec_wf_2b328532d0_gh_stripe_8144262_68,51.0%,YES,https://stripe.com/jobs/search?gh_jid=8144262,2026-09-30T14:36:50.212681+00:00
https://stripe.com/jobs/search?gh_jid=8070949,Bangalore,Stripe,stripe.com,2026-09-25T16:44:50-04:00,"Verified live opening for Staff Engineer, Core Infrastructure at Stripe. Department: Engineering. Location: Bengaluru, India. Apply directly on official Greenhouse ATS.","Verified live opening for Staff Engineer, Core Infrastructure at Stripe. Department: Engineering. Location: Bengaluru, India. Apply directly on official Greenhouse ATS.",full-time,0-5 yrs,False,"Staff Engineer, Core Infrastructure","Bangalore, Karnataka, India",51.0,Offline (On-site),Greenhouse,"⚠ Python not explicitly emphasized, ⚠ Fastapi not explicitly emphasized, ⚠ Role title differs from target keywords","{'freshness_score': 80.0, 'source_confidence': 98.0, 'listing_quality_score': 85.0, 'risk_signals': []}",on-site,Not Disclosed,"{'skills': {'score': 0, 'max': 30}, 'role': {'score': 6, 'max': 20}, 'experience': {'score': 14, 'max': 15}, 'location': {'score': 10, 'max': 10}, 'education': {'score': 5, 'max': 5}, 'employment': {'score': 5, 'max': 5}, 'salary': {'score': 4, 'max': 5}, 'freshness': {'score': 3, 'max': 5}, 'requirements': {'score': 4, 'max': 5}}","Software Engineering, Systems Architecture","greenhouse, company-careers","✓ Offline fit: Bangalore, Karnataka, India at Stripe, ✓ Education qualifications satisfied, ✓ Full-Time employment type",Offline,rec_wf_2b328532d0_gh_stripe_8070949_69,51.0%,YES,https://stripe.com/jobs/search?gh_jid=8070949,2026-09-30T14:36:50.218718+00:00
https://www.coinbase.com/careers/positions/8167571?gh_jid=8167571,None,Coinbase,coinbase.com,2026-08-28T19:26:55-04:00,"Verified live opening for Software Engineer, Security Platform at Coinbase. Department: Engineering. Location: Remote - India. Apply directly on official Greenhouse ATS.","Verified live opening for Software Engineer, Security Platform at Coinbase. Department: Engineering. Location: Remote - India. Apply directly on official Greenhouse ATS.",full-time,0-5 yrs,False,"Software Engineer, Security Platform",India (Remote),51.0,Online (Remote),Greenhouse,"⚠ Python not explicitly emphasized, ⚠ Fastapi not explicitly emphasized, ⚠ Role title differs from target keywords","{'freshness_score': 80.0, 'source_confidence': 98.0, 'listing_quality_score': 85.0, 'risk_signals': []}",remote,Not Disclosed,"{'skills': {'score': 0, 'max': 30}, 'role': {'score': 6, 'max': 20}, 'experience': {'score': 14, 'max': 15}, 'location': {'score': 10, 'max': 10}, 'education': {'score': 5, 'max': 5}, 'employment': {'score': 5, 'max': 5}, 'salary': {'score': 4, 'max': 5}, 'freshness': {'score': 3, 'max': 5}, 'requirements': {'score': 4, 'max': 5}}","Software Engineering, Systems Architecture","greenhouse, company-careers","✓ Online (Remote) fit: India (Remote) at Coinbase, ✓ Education qualifications satisfied, ✓ Full-Time employment type",Online,rec_wf_2b328532d0_gh_coinbase_8165441_70,51.0%,YES,https://www.coinbase.com/careers/positions/8167571?gh_jid=8167571,2026-09-30T14:36:50.226135+00:00
https://www.coinbase.com/careers/positions/8054153?gh_jid=8054153,None,Coinbase,coinbase.com,2026-09-14T16:39:37-04:00,"Verified live opening for Staff Software Engineer, Customer Administration at Coinbase. Department: Engineering. Location: Remote - India. Apply directly on official Greenhouse ATS.","Verified live opening for Staff Software Engineer, Customer Administration at Coinbase. Department: Engineering. Location: Remote - India. Apply directly on official Greenhouse ATS.",full-time,0-5 yrs,False,"Staff Software Engineer, Customer Administration",India (Remote),51.0,Online (Remote),Greenhouse,"⚠ Python not explicitly emphasized, ⚠ Fastapi not explicitly emphasized, ⚠ Role title differs from target keywords","{'freshness_score': 80.0, 'source_confidence': 98.0, 'listing_quality_score': 85.0, 'risk_signals': []}",remote,Not Disclosed,"{'skills': {'score': 0, 'max': 30}, 'role': {'score': 6, 'max': 20}, 'experience': {'score': 14, 'max': 15}, 'location': {'score': 10, 'max': 10}, 'education': {'score': 5, 'max': 5}, 'employment': {'score': 5, 'max': 5}, 'salary': {'score': 4, 'max': 5}, 'freshness': {'score': 3, 'max': 5}, 'requirements': {'score': 4, 'max': 5}}","Software Engineering, Systems Architecture","greenhouse, company-careers","✓ Online (Remote) fit: India (Remote) at Coinbase, ✓ Education qualifications satisfied, ✓ Full-Time employment type",Online,rec_wf_2b328532d0_gh_coinbase_8054153_71,51.0%,YES,https://www.coinbase.com/careers/positions/8054153?gh_jid=8054153,2026-09-30T14:36:50.234859+00:00
https://remoteOK.com/remote-jobs/remote-software-engineer-prenosis-1137427,Worldwide,Prenosis,remoteok.com,2026-09-23T14:00:02+00:00,Remote - Prenosis Inc. is an artificial intelligence company pioneering precision medicine in acute care. Our Immunixâ¢ precision medicine platform drives the development of precision products and enables real-time delivery of optimal therapy. We've created and validated the fi... Please mention the word **STELLARLY** and tag RMTAzLjgyLjQxLjE5Mg== when applying to show you read the job post completely (#RMTAzLjgyLjQxLjE5Mg==). This is a beta feature to avoid spam applicants. Companies can search these words to find applicants that read this and see they're human.,Remote - Prenosis Inc. is an artificial intelligence company pioneering precision medicine in acute care. Our Immunixâ¢ precision medicine platform drives the development of precision products and enables real-time delivery of optimal therapy. We've created and validated the fi... Please mention the word **STELLARLY** and tag RMTAzLjgyLjQxLjE5Mg== when applying to show you read the job post compl,full-time,0-3 yrs,False,Software Engineer,Worldwide (Remote),51.0,Online (Remote),Remoteok,"⚠ Python not explicitly emphasized, ⚠ Fastapi not explicitly emphasized, ⚠ Role title differs from target keywords","{'freshness_score': 80.0, 'source_confidence': 80.0, 'listing_quality_score': 95.0, 'risk_signals': []}",remote,Not Disclosed,"{'skills': {'score': 0, 'max': 30}, 'role': {'score': 6, 'max': 20}, 'experience': {'score': 14, 'max': 15}, 'location': {'score': 10, 'max': 10}, 'education': {'score': 5, 'max': 5}, 'employment': {'score': 5, 'max': 5}, 'salary': {'score': 4, 'max': 5}, 'freshness': {'score': 3, 'max': 5}, 'requirements': {'score': 4, 'max': 5}}","Golang, Digital Nomad",remoteok,"✓ Online (Remote) fit: Worldwide (Remote) at Prenosis, ✓ Education qualifications satisfied, ✓ Full-Time employment type",Online,rec_wf_2b328532d0_rok_1137427_72,51.0%,YES,https://remoteOK.com/remote-jobs/remote-software-engineer-prenosis-1137427,2026-09-30T14:36:50.243631+00:00
https://remoteOK.com/remote-jobs/remote-software-developer-security-analytics-redmimicry-1137417,Worldwide,RedMimicry,remoteok.com,2026-09-22T09:00:01+00:00,"Remote - Location: Mostly remote (within Germany), with monthly in-person collaboration at our Berlin officeHours: Full-time, 40 hours per weekContract: Fixed-termSalary: EUR 69,000 â 77,000We are building a new capability that turns fragmented, noisy security logs... Please mention the word **CONTINUITY** and tag RMTAzLjgyLjQxLjE5Mg== when applying to show you read the job post completely (#RMTAzLjgyLjQxLjE5Mg==). This is a beta feature to avoid spam applicants. Companies can search these words to find applicants that read this and see they're human.","Remote - Location: Mostly remote (within Germany), with monthly in-person collaboration at our Berlin officeHours: Full-time, 40 hours per weekContract: Fixed-termSalary: EUR 69,000 â 77,000We are building a new capability that turns fragmented, noisy security logs... Please mention the word **CONTINUITY** and tag RMTAzLjgyLjQxLjE5Mg== when applying to show you read the job post completely (#RMT",full-time,0-3 yrs,False,Software Developer Security Analytics,Worldwide (Remote),51.0,Online (Remote),Remoteok,"⚠ Python not explicitly emphasized, ⚠ Fastapi not explicitly emphasized, ⚠ Role title differs from target keywords","{'freshness_score': 80.0, 'source_confidence': 80.0, 'listing_quality_score': 95.0, 'risk_signals': []}",remote,Not Disclosed,"{'skills': {'score': 0, 'max': 30}, 'role': {'score': 6, 'max': 20}, 'experience': {'score': 14, 'max': 15}, 'location': {'score': 10, 'max': 10}, 'education': {'score': 5, 'max': 5}, 'employment': {'score': 5, 'max': 5}, 'salary': {'score': 4, 'max': 5}, 'freshness': {'score': 3, 'max': 5}, 'requirements': {'score': 4, 'max': 5}}","Golang, Infosec, Stats",remoteok,"✓ Online (Remote) fit: Worldwide (Remote) at RedMimicry, ✓ Education qualifications satisfied, ✓ Full-Time employment type",Online,rec_wf_2b328532d0_rok_1137417_73,51.0%,YES,https://remoteOK.com/remote-jobs/remote-software-developer-security-analytics-redmimicry-1137417,2026-09-30T14:36:50.250350+00:00
https://remoteOK.com/remote-jobs/remote-senior-net-software-engineer-okwhen-1137411,Worldwide,OkWhen,remoteok.com,2026-09-20T00:00:31+00:00,"Please note. Directly emailing us will result in immediate disqualification. Use the application form to apply. About OkWhen OkWhen builds technology that powers live, virtual, and hybrid events. Our platform supports conference management, registration, payments, mobile apps, content libraries, webinars, LMS functionality, CEU tracking, sponsor management, and operational workflows. We are hiring a Senior .NET Software Engineer to help us improve, maintain, and extend a production platform used to run complex events. The Outcome Weâre Hiring For You will own meaningful parts of our application and consistently deliver reliable software without requiring constant supervision. You will improve system performance, reduce technical debt, and turn operational problems into simple, maintainable products. This is not a ticket-taking role. We need an engineer who can understand the existing system, make sound technical decisions, and follow work through from discovery to production. Responsibilities Design, build, test, deploy, and maintain production software Develop backend services and APIs usingÂ C# and ASP.NET/.NET Build and maintain web applications usingÂ Angular Design, optimize, and troubleshootÂ SQL ServerÂ databases and queries Maintain and extend mobile applications usingÂ .NET MAUI Investigate and resolve production issues Improve application reliability, performance, security, and observability Write automated tests and maintain technical documentation Participate in code reviews and establish engineering standards Collaborate with product, operations, and event-production teams Break ambiguous business problems into clear technical plans Use AI-assisted development tools responsibly to improve speed without sacrificing quality 7+ years of professional software development experience Strong commercial experience withÂ C#, .NET, and ASP.NET Core Strong experience withÂ Angular and TypeScript Advanced working knowledge ofÂ SQL Server, database design, and query optimization Production experience withÂ .NET MAUIÂ or Xamarin Experience designing and consuming REST APIs Experience with Git, CI/CD, debugging, and automated testing Demonstrated ability to work independently in an existing codebase Strong written and verbal communication Comfortable owning outcomes, not just completing assigned tasks Preferred Qualifications Experience with SaaS platforms Experience with event management, registration, payments, LMS, or communications systems Cloud experi","Please note. Directly emailing us will result in immediate disqualification. Use the application form to apply. About OkWhen OkWhen builds technology that powers live, virtual, and hybrid events. Our platform supports conference management, registration, payments, mobile apps, content libraries, webinars, LMS functionality, CEU tracking, sponsor management, and operational workflows. We are hiring",full-time,0-3 yrs,False,Senior .NET Software Engineer,Worldwide (Remote),51.0,Online (Remote),Remoteok,"⚠ Python not explicitly emphasized, ⚠ Fastapi not explicitly emphasized, ⚠ Role title differs from target keywords","{'freshness_score': 80.0, 'source_confidence': 80.0, 'listing_quality_score': 95.0, 'risk_signals': []}",remote,Not Disclosed,"{'skills': {'score': 0, 'max': 30}, 'role': {'score': 6, 'max': 20}, 'experience': {'score': 14, 'max': 15}, 'location': {'score': 10, 'max': 10}, 'education': {'score': 5, 'max': 5}, 'employment': {'score': 5, 'max': 5}, 'salary': {'score': 4, 'max': 5}, 'freshness': {'score': 3, 'max': 5}, 'requirements': {'score': 4, 'max': 5}}","Design, C Sharp, Saas",remoteok,"✓ Online (Remote) fit: Worldwide (Remote) at OkWhen, ✓ Education qualifications satisfied, ✓ Full-Time employment type",Online,rec_wf_2b328532d0_rok_1137411_74,51.0%,YES,https://remoteOK.com/remote-jobs/remote-senior-net-software-engineer-okwhen-1137411,2026-09-30T14:36:50.257750+00:00
https://remoteOK.com/remote-jobs/remote-golang-kubernetes-engineer-arango-1137400,Worldwide,Arango,remoteok.com,2026-09-16T19:00:02+00:00,"Remote - Arango delivers a unified, natively multimodel contextual data platform that powers AI agents, assistants, and applications with the unified, current, and trusted business context needed to reason, decide, and act at scale.The Arango Contextual Data Platform connects... Please mention the word **FESTIVE** and tag RMTAzLjgyLjQxLjE5Mg== when applying to show you read the job post completely (#RMTAzLjgyLjQxLjE5Mg==). This is a beta feature to avoid spam applicants. Companies can search these words to find applicants that read this and see they're human.","Remote - Arango delivers a unified, natively multimodel contextual data platform that powers AI agents, assistants, and applications with the unified, current, and trusted business context needed to reason, decide, and act at scale.The Arango Contextual Data Platform connects... Please mention the word **FESTIVE** and tag RMTAzLjgyLjQxLjE5Mg== when applying to show you read the job post completely",full-time,0-3 yrs,False,Golang Kubernetes Engineer,Worldwide (Remote),51.0,Online (Remote),Remoteok,"⚠ Python not explicitly emphasized, ⚠ Fastapi not explicitly emphasized, ⚠ Role title differs from target keywords","{'freshness_score': 80.0, 'source_confidence': 80.0, 'listing_quality_score': 95.0, 'risk_signals': []}",remote,Not Disclosed,"{'skills': {'score': 0, 'max': 30}, 'role': {'score': 6, 'max': 20}, 'experience': {'score': 14, 'max': 15}, 'location': {'score': 10, 'max': 10}, 'education': {'score': 5, 'max': 5}, 'employment': {'score': 5, 'max': 5}, 'salary': {'score': 4, 'max': 5}, 'freshness': {'score': 3, 'max': 5}, 'requirements': {'score': 4, 'max': 5}}","Golang, Golang",remoteok,"✓ Online (Remote) fit: Worldwide (Remote) at Arango, ✓ Education qualifications satisfied, ✓ Full-Time employment type",Online,rec_wf_2b328532d0_rok_1137400_75,51.0%,YES,https://remoteOK.com/remote-jobs/remote-golang-kubernetes-engineer-arango-1137400,2026-09-30T14:36:50.264184+00:00
https://remoteOK.com/remote-jobs/remote-software-engineer-iii-mobile-stone-1136570,Remoto (Remote),Stone,remoteok.com,2026-08-12T16:01:22+00:00,"Sobre a Stone: Somos muito mais do que uma empresa de maquininhas! A Stone Ã© uma empresa de tecnologia e serviÃ§os financeiros focada no(a) cliente. Nascemos com o propÃ³sito de ser protagonistas na transformaÃ§Ã£o da indÃºstria de pagamentos, servindo o(a) empreendedor(a) brasileiro(a) e transformando seus sonhos em resultados. Somos a maior empresa independente de meios de pagamentos do Brasil, com mais de quinze mil pessoas espalhadas pelas cinco regiÃµes do paÃ­s, em um cenÃ¡rio repleto de desafios e oportunidades. Valorizamos o trabalho em equipe, a flexibilidade, o desenvolvimento contÃ­nuo e os pensamentos disruptivos e incansÃ¡veis na busca de soluÃ§Ãµes para a nossa RAZÃO. Nossa Cultura: Por aqui, vivemos nossa cultura no dia a dia, guiados por esses 5 valores: ð O cliente Ã© a razÃ£o O cliente Ã© o motivo pelo qual existimos e sÃ³ temos sucesso se ele tiver sucesso. â¡ CabeÃ§a de dono Fazemos o que Ã© certo, do jeito certo, com responsabilidade e tecnologia para decidir melhor. ð¯ Direto ao ponto Profundidade para entender e simplicidade para resolver. ð¤ ExcelÃªncia Ã© um jogo de equipe ConstruÃ­mos um negÃ³cio de longo prazo, em time e com colaboraÃ§Ã£o. â¨ PaixÃ£o em cada detalhe Fazemos com paixÃ£o, atenÃ§Ã£o aos detalhes e vontade de surpreender para ajudar o cliente a vencer. Como Ã© ser uma pessoa Software Engineer Pleno: A capacidade de contribuiÃ§Ã£o de uma pessoa SWE Pleno Ã© a de realizar entregas de valor participando diretamente do refinamento tÃ©cnico, podendo trabalhar em problemas com escopo aberto ou pouco definido, contribuindo com as decisÃµes tÃ©cnicas e fazendo parte do processo de criaÃ§Ã£o da soluÃ§Ã£o. AlÃ©m de contribuir para a evoluÃ§Ã£o tÃ©cnica de pessoas juniore Please mention the word **DEFEATED** and tag RMTAzLjgyLjQxLjE5Mg== when applying to show you read the job post completely (#RMTAzLjgyLjQxLjE5Mg==). This is a beta feature to avoid spam applicants. Companies can search these words to find applicants that read this and see they're human.","Sobre a Stone: Somos muito mais do que uma empresa de maquininhas! A Stone Ã© uma empresa de tecnologia e serviÃ§os financeiros focada no(a) cliente. Nascemos com o propÃ³sito de ser protagonistas na transformaÃ§Ã£o da indÃºstria de pagamentos, servindo o(a) empreendedor(a) brasileiro(a) e transformando seus sonhos em resultados. Somos a maior empresa independente de meios de pagamentos do Brasil,",full-time,0-3 yrs,False,Software Engineer III Mobile,Remoto (Remote),51.0,Online (Remote),Remoteok,"⚠ Python not explicitly emphasized, ⚠ Fastapi not explicitly emphasized, ⚠ Role title differs from target keywords","{'freshness_score': 80.0, 'source_confidence': 80.0, 'listing_quality_score': 95.0, 'risk_signals': []}",remote,Not Disclosed,"{'skills': {'score': 0, 'max': 30}, 'role': {'score': 6, 'max': 20}, 'experience': {'score': 14, 'max': 15}, 'location': {'score': 10, 'max': 10}, 'education': {'score': 5, 'max': 5}, 'employment': {'score': 5, 'max': 5}, 'salary': {'score': 4, 'max': 5}, 'freshness': {'score': 3, 'max': 5}, 'requirements': {'score': 4, 'max': 5}}","Mobile, Excel",remoteok,"✓ Online (Remote) fit: Remoto (Remote) at Stone, ✓ Education qualifications satisfied, ✓ Full-Time employment type",Online,rec_wf_2b328532d0_rok_1136570_76,51.0%,YES,https://remoteOK.com/remote-jobs/remote-software-engineer-iii-mobile-stone-1136570,2026-09-30T14:36:50.274672+00:00
https://remotive.com/remote-jobs/software-development/senior-shopify-developer-2091140,Worldwide,Sanctuary Computer Inc,remotive.com,2026-09-18T15:10:28,"We are hiring a contract-based Senior Shopify Developer to contribute to our Design and Development Team. Original Job posting link here 🌎 About garden3d We are worker owned creative collective, innovating on everything from brands and IRL communities to IoT devices and cross platform apps. We share profit, open source everything, spin out new businesses, and invest in exciting ideas through financial and/or in-kind contributions. Our client roster includes Google, Stripe, Figma, Hinge, Black Socialists in America, ACLU, Pratt, Parsons, Mozilla, The Nobel Prize, MIT, Gnosis, Etsy & Gagosian. We’re the software team behind innovative products like The Light Phone & Mill, and we operate a global, decentralized community space collective called Index Space. We think of our garden3d as collective for creative people, prioritizing a happy, talented, and diverse studio culture. We work on projects that bring value to our world, and we balance deep care for the work we do with a genuine curiosity about life outside of our jobs. Sanctuary Computer — Development At Sanctuary Computer we’re building a different type of technology shop – one that prioritizes close collaboration between the client and the craftsperson. Our projects range from design-forward websites, to robust web apps, to native mobile development. XXIX — Design When we started XXIX in 2013, we set out to create a different kind of design studio and we’ve thrived because we continually ask what a creative practice can be. We’re building a radically different kind of organization that values autonomy, growth, transparency, and shared responsibility. Plus, our partner organizations Lightphone Mill IngredientAI 🔮 Who we’re looking for: We're looking for a Senior Shopify Developer who balances deep e-commerce expertise with modern frontend engineering. You'll build pixel-perfect, hyper-performant storefronts ranging from custom Liquid themes to headless Hydrogen/Next.js implementations working alongside our design team to create world-class shopping experiences. In this role, you’ll work across a variety of client projects to find cost-effective, high-quality, and pragmatic solutions to complex e-commerce challenges. Responsibilities will include: Collaborating closely with Technical Leads and Designers to meet clients' custom e-commerce and technical needs. Building and maintaining high-performance storefronts using both custom Liquid (Online Store 2.0) and modern headless architectures (Shopify Storefr","We are hiring a contract-based Senior Shopify Developer to contribute to our Design and Development Team. Original Job posting link here 🌎 About garden3d We are worker owned creative collective, innovating on everything from brands and IRL communities to IoT devices and cross platform apps. We share profit, open source everything, spin out new businesses, and invest in exciting ideas through finan",contract,0-2 yrs,False,Senior Shopify Developer,Worldwide (Remote),50.0,Online (Remote),Remotive,"⚠ Python not explicitly emphasized, ⚠ Fastapi not explicitly emphasized, ⚠ Role title differs from target keywords","{'freshness_score': 95.0, 'source_confidence': 80.0, 'listing_quality_score': 95.0, 'risk_signals': []}",remote,Not Disclosed,"{'skills': {'score': 0, 'max': 30}, 'role': {'score': 6, 'max': 20}, 'experience': {'score': 14, 'max': 15}, 'location': {'score': 10, 'max': 10}, 'education': {'score': 5, 'max': 5}, 'employment': {'score': 3, 'max': 5}, 'salary': {'score': 4, 'max': 5}, 'freshness': {'score': 4, 'max': 5}, 'requirements': {'score': 4, 'max': 5}}","Admin, API, Backend, Css",remotive,"✓ Online (Remote) fit: Worldwide (Remote) at Sanctuary Computer Inc, ✓ Education qualifications satisfied",Online,rec_wf_2b328532d0_rem_2091140_77,50.0%,YES,https://remotive.com/remote-jobs/software-development/senior-shopify-developer-2091140,2026-09-30T14:36:50.279571+00:00
https://jobs.ashbyhq.com/cursor/47994d20-cc6a-436b-8da0-2eceabfd413e,Remote,Cursor,cursor.com,2026-03-12T06:15:36.056+00:00,"Verified live opening for Software Engineer, Billing at Cursor. Department: Engineering. Location: Remote. Apply directly on Ashby portal.","Verified live opening for Software Engineer, Billing at Cursor. Department: Engineering. Location: Remote. Apply directly on Ashby portal.",fulltime,0-5 yrs,False,"Software Engineer, Billing",Remote,49.0,Online (Remote),Ashby,"⚠ Python not explicitly emphasized, ⚠ Fastapi not explicitly emphasized, ⚠ Role title differs from target keywords","{'freshness_score': 80.0, 'source_confidence': 98.0, 'listing_quality_score': 85.0, 'risk_signals': []}",remote,Not Disclosed,"{'skills': {'score': 0, 'max': 30}, 'role': {'score': 6, 'max': 20}, 'experience': {'score': 14, 'max': 15}, 'location': {'score': 10, 'max': 10}, 'education': {'score': 5, 'max': 5}, 'employment': {'score': 3, 'max': 5}, 'salary': {'score': 4, 'max': 5}, 'freshness': {'score': 3, 'max': 5}, 'requirements': {'score': 4, 'max': 5}}","Software Engineering, Full Stack","ashby, company-careers","✓ Online (Remote) fit: Remote at Cursor, ✓ Education qualifications satisfied",Online,rec_wf_2b328532d0_ash_cursor_47994d20-cc6a-436b-8da0-2eceabfd413e_78,49.0%,YES,https://jobs.ashbyhq.com/cursor/47994d20-cc6a-436b-8da0-2eceabfd413e,2026-09-30T14:36:50.284208+00:00
https://jobs.ashbyhq.com/cursor/cda9256f-e820-4f0a-9e77-e44c61295e1d,Remote,Cursor,cursor.com,2026-05-28T16:57:17.233+00:00,Verified live opening for Solutions Architect at Cursor. Department: Customer Success. Location: Remote. Apply directly on Ashby portal.,Verified live opening for Solutions Architect at Cursor. Department: Customer Success. Location: Remote. Apply directly on Ashby portal.,fulltime,0-5 yrs,False,Solutions Architect,Remote,49.0,Online (Remote),Ashby,"⚠ Python not explicitly emphasized, ⚠ Fastapi not explicitly emphasized, ⚠ Role title differs from target keywords","{'freshness_score': 80.0, 'source_confidence': 98.0, 'listing_quality_score': 85.0, 'risk_signals': []}",remote,Not Disclosed,"{'skills': {'score': 0, 'max': 30}, 'role': {'score': 6, 'max': 20}, 'experience': {'score': 14, 'max': 15}, 'location': {'score': 10, 'max': 10}, 'education': {'score': 5, 'max': 5}, 'employment': {'score': 3, 'max': 5}, 'salary': {'score': 4, 'max': 5}, 'freshness': {'score': 3, 'max': 5}, 'requirements': {'score': 4, 'max': 5}}","Software Engineering, Full Stack","ashby, company-careers","✓ Online (Remote) fit: Remote at Cursor, ✓ Education qualifications satisfied",Online,rec_wf_2b328532d0_ash_cursor_cda9256f-e820-4f0a-9e77-e44c61295e1d_79,49.0%,YES,https://jobs.ashbyhq.com/cursor/cda9256f-e820-4f0a-9e77-e44c61295e1d,2026-09-30T14:36:50.290157+00:00
https://jobs.ashbyhq.com/cursor/1d6dbbb2-a5af-41a6-a70a-ca97690d9313,Remote,Cursor,cursor.com,2026-08-24T22:13:51.919+00:00,"Verified live opening for Software Engineer, User Operations at Cursor. Department: User Ops. Location: Remote. Apply directly on Ashby portal.","Verified live opening for Software Engineer, User Operations at Cursor. Department: User Ops. Location: Remote. Apply directly on Ashby portal.",fulltime,0-5 yrs,False,"Software Engineer, User Operations",Remote,49.0,Online (Remote),Ashby,"⚠ Python not explicitly emphasized, ⚠ Fastapi not explicitly emphasized, ⚠ Role title differs from target keywords","{'freshness_score': 80.0, 'source_confidence': 98.0, 'listing_quality_score': 85.0, 'risk_signals': []}",remote,Not Disclosed,"{'skills': {'score': 0, 'max': 30}, 'role': {'score': 6, 'max': 20}, 'experience': {'score': 14, 'max': 15}, 'location': {'score': 10, 'max': 10}, 'education': {'score': 5, 'max': 5}, 'employment': {'score': 3, 'max': 5}, 'salary': {'score': 4, 'max': 5}, 'freshness': {'score': 3, 'max': 5}, 'requirements': {'score': 4, 'max': 5}}","Software Engineering, Full Stack","ashby, company-careers","✓ Online (Remote) fit: Remote at Cursor, ✓ Education qualifications satisfied",Online,rec_wf_2b328532d0_ash_cursor_1d6dbbb2-a5af-41a6-a70a-ca97690d9313_80,49.0%,YES,https://jobs.ashbyhq.com/cursor/1d6dbbb2-a5af-41a6-a70a-ca97690d9313,2026-09-30T14:36:50.297507+00:00
https://jobs.ashbyhq.com/cursor/dbefd2a3-0ea7-42ad-a50d-e85ee186267a,Remote,Cursor,cursor.com,2026-05-27T19:03:20.023+00:00,Verified live opening for Support Operations Systems Lead at Cursor. Department: User Ops. Location: Remote. Apply directly on Ashby portal.,Verified live opening for Support Operations Systems Lead at Cursor. Department: User Ops. Location: Remote. Apply directly on Ashby portal.,fulltime,0-5 yrs,False,Support Operations Systems Lead,Remote,49.0,Online (Remote),Ashby,"⚠ Python not explicitly emphasized, ⚠ Fastapi not explicitly emphasized, ⚠ Role title differs from target keywords","{'freshness_score': 80.0, 'source_confidence': 98.0, 'listing_quality_score': 85.0, 'risk_signals': []}",remote,Not Disclosed,"{'skills': {'score': 0, 'max': 30}, 'role': {'score': 6, 'max': 20}, 'experience': {'score': 14, 'max': 15}, 'location': {'score': 10, 'max': 10}, 'education': {'score': 5, 'max': 5}, 'employment': {'score': 3, 'max': 5}, 'salary': {'score': 4, 'max': 5}, 'freshness': {'score': 3, 'max': 5}, 'requirements': {'score': 4, 'max': 5}}","Software Engineering, Full Stack","ashby, company-careers","✓ Online (Remote) fit: Remote at Cursor, ✓ Education qualifications satisfied",Online,rec_wf_2b328532d0_ash_cursor_dbefd2a3-0ea7-42ad-a50d-e85ee186267a_81,49.0%,YES,https://jobs.ashbyhq.com/cursor/dbefd2a3-0ea7-42ad-a50d-e85ee186267a,2026-09-30T14:36:50.304385+00:00
https://jobs.ashbyhq.com/cursor/32350e7d-b6c8-4556-b8ba-3e58490f7cb7,Bangalore,Cursor,cursor.com,2026-08-07T03:10:27.460+00:00,Verified live opening for Solutions Architect - India at Cursor. Department: Solutions. Location: Bengaluru. Apply directly on Ashby portal.,Verified live opening for Solutions Architect - India at Cursor. Department: Solutions. Location: Bengaluru. Apply directly on Ashby portal.,fulltime,0-5 yrs,False,Solutions Architect - India,"Bangalore, Karnataka, India",49.0,Offline (On-site),Ashby,"⚠ Python not explicitly emphasized, ⚠ Fastapi not explicitly emphasized, ⚠ Role title differs from target keywords","{'freshness_score': 80.0, 'source_confidence': 98.0, 'listing_quality_score': 85.0, 'risk_signals': []}",on-site,Not Disclosed,"{'skills': {'score': 0, 'max': 30}, 'role': {'score': 6, 'max': 20}, 'experience': {'score': 14, 'max': 15}, 'location': {'score': 10, 'max': 10}, 'education': {'score': 5, 'max': 5}, 'employment': {'score': 3, 'max': 5}, 'salary': {'score': 4, 'max': 5}, 'freshness': {'score': 3, 'max': 5}, 'requirements': {'score': 4, 'max': 5}}","Software Engineering, Full Stack","ashby, company-careers","✓ Offline fit: Bangalore, Karnataka, India at Cursor, ✓ Education qualifications satisfied",Offline,rec_wf_2b328532d0_ash_cursor_32350e7d-b6c8-4556-b8ba-3e58490f7cb7_82,49.0%,YES,https://jobs.ashbyhq.com/cursor/32350e7d-b6c8-4556-b8ba-3e58490f7cb7,2026-09-30T14:36:50.310277+00:00
https://jobs.ashbyhq.com/supabase/d5573afa-636c-4219-832f-386f498243bf,Remote,Supabase,supabase.com,2024-11-14T17:58:07.662+00:00,"Verified live opening for Customer Solution Architect (AMER) at Supabase. Department: Success. Location: Remote, AMER. Apply directly on Ashby portal.","Verified live opening for Customer Solution Architect (AMER) at Supabase. Department: Success. Location: Remote, AMER. Apply directly on Ashby portal.",fulltime,0-5 yrs,False,Customer Solution Architect (AMER),"Remote, AMER",49.0,Online (Remote),Ashby,"⚠ Python not explicitly emphasized, ⚠ Fastapi not explicitly emphasized, ⚠ Role title differs from target keywords","{'freshness_score': 80.0, 'source_confidence': 98.0, 'listing_quality_score': 85.0, 'risk_signals': []}",remote,Not Disclosed,"{'skills': {'score': 0, 'max': 30}, 'role': {'score': 6, 'max': 20}, 'experience': {'score': 14, 'max': 15}, 'location': {'score': 10, 'max': 10}, 'education': {'score': 5, 'max': 5}, 'employment': {'score': 3, 'max': 5}, 'salary': {'score': 4, 'max': 5}, 'freshness': {'score': 3, 'max': 5}, 'requirements': {'score': 4, 'max': 5}}","Software Engineering, Full Stack","ashby, company-careers","✓ Online (Remote) fit: Remote, AMER at Supabase, ✓ Education qualifications satisfied",Online,rec_wf_2b328532d0_ash_supabase_d5573afa-636c-4219-832f-386f498243bf_83,49.0%,YES,https://jobs.ashbyhq.com/supabase/d5573afa-636c-4219-832f-386f498243bf,2026-09-30T14:36:50.314530+00:00
https://jobs.ashbyhq.com/supabase/66bab062-b769-43cf-ac3c-a2630257624c,Remote,Supabase,supabase.com,2026-05-29T19:56:24.832+00:00,"Verified live opening for Customer Solution Architect, Team Lead at Supabase. Department: Success. Location: Remote, AMER. Apply directly on Ashby portal.","Verified live opening for Customer Solution Architect, Team Lead at Supabase. Department: Success. Location: Remote, AMER. Apply directly on Ashby portal.",fulltime,0-5 yrs,False,"Customer Solution Architect, Team Lead ","Remote, AMER",49.0,Online (Remote),Ashby,"⚠ Python not explicitly emphasized, ⚠ Fastapi not explicitly emphasized, ⚠ Role title differs from target keywords","{'freshness_score': 80.0, 'source_confidence': 98.0, 'listing_quality_score': 85.0, 'risk_signals': []}",remote,Not Disclosed,"{'skills': {'score': 0, 'max': 30}, 'role': {'score': 6, 'max': 20}, 'experience': {'score': 14, 'max': 15}, 'location': {'score': 10, 'max': 10}, 'education': {'score': 5, 'max': 5}, 'employment': {'score': 3, 'max': 5}, 'salary': {'score': 4, 'max': 5}, 'freshness': {'score': 3, 'max': 5}, 'requirements': {'score': 4, 'max': 5}}","Software Engineering, Full Stack","ashby, company-careers","✓ Online (Remote) fit: Remote, AMER at Supabase, ✓ Education qualifications satisfied",Online,rec_wf_2b328532d0_ash_supabase_66bab062-b769-43cf-ac3c-a2630257624c_84,49.0%,YES,https://jobs.ashbyhq.com/supabase/66bab062-b769-43cf-ac3c-a2630257624c,2026-09-30T14:36:50.320568+00:00
https://jobs.ashbyhq.com/supabase/f18b1173-51c3-4ff6-bcda-89f8111931f4,Remote,Supabase,supabase.com,2025-12-17T21:42:14.767+00:00,"Verified live opening for Database Support Engineer (AMER) at Supabase. Department: Support. Location: Remote, AMER. Apply directly on Ashby portal.","Verified live opening for Database Support Engineer (AMER) at Supabase. Department: Support. Location: Remote, AMER. Apply directly on Ashby portal.",fulltime,0-5 yrs,False,Database Support Engineer (AMER),"Remote, AMER",49.0,Online (Remote),Ashby,"⚠ Python not explicitly emphasized, ⚠ Fastapi not explicitly emphasized, ⚠ Role title differs from target keywords","{'freshness_score': 80.0, 'source_confidence': 98.0, 'listing_quality_score': 85.0, 'risk_signals': []}",remote,Not Disclosed,"{'skills': {'score': 0, 'max': 30}, 'role': {'score': 6, 'max': 20}, 'experience': {'score': 14, 'max': 15}, 'location': {'score': 10, 'max': 10}, 'education': {'score': 5, 'max': 5}, 'employment': {'score': 3, 'max': 5}, 'salary': {'score': 4, 'max': 5}, 'freshness': {'score': 3, 'max': 5}, 'requirements': {'score': 4, 'max': 5}}","Software Engineering, Full Stack","ashby, company-careers","✓ Online (Remote) fit: Remote, AMER at Supabase, ✓ Education qualifications satisfied",Online,rec_wf_2b328532d0_ash_supabase_f18b1173-51c3-4ff6-bcda-89f8111931f4_85,49.0%,YES,https://jobs.ashbyhq.com/supabase/f18b1173-51c3-4ff6-bcda-89f8111931f4,2026-09-30T14:36:50.325562+00:00
https://jobs.ashbyhq.com/supabase/62945518-2468-4cf5-9f36-904b60f75183,Remote,Supabase,supabase.com,2025-12-17T21:46:32.608+00:00,"Verified live opening for Database Support Engineer (APAC) at Supabase. Department: Support. Location: Remote, APAC. Apply directly on Ashby portal.","Verified live opening for Database Support Engineer (APAC) at Supabase. Department: Support. Location: Remote, APAC. Apply directly on Ashby portal.",fulltime,0-5 yrs,False,Database Support Engineer (APAC),"Remote, APAC",49.0,Online (Remote),Ashby,"⚠ Python not explicitly emphasized, ⚠ Fastapi not explicitly emphasized, ⚠ Role title differs from target keywords","{'freshness_score': 80.0, 'source_confidence': 98.0, 'listing_quality_score': 85.0, 'risk_signals': []}",remote,Not Disclosed,"{'skills': {'score': 0, 'max': 30}, 'role': {'score': 6, 'max': 20}, 'experience': {'score': 14, 'max': 15}, 'location': {'score': 10, 'max': 10}, 'education': {'score': 5, 'max': 5}, 'employment': {'score': 3, 'max': 5}, 'salary': {'score': 4, 'max': 5}, 'freshness': {'score': 3, 'max': 5}, 'requirements': {'score': 4, 'max': 5}}","Software Engineering, Full Stack","ashby, company-careers","✓ Online (Remote) fit: Remote, APAC at Supabase, ✓ Education qualifications satisfied",Online,rec_wf_2b328532d0_ash_supabase_62945518-2468-4cf5-9f36-904b60f75183_86,49.0%,YES,https://jobs.ashbyhq.com/supabase/62945518-2468-4cf5-9f36-904b60f75183,2026-09-30T14:36:50.329584+00:00
https://jobs.ashbyhq.com/supabase/e569b7f7-fa8f-4139-86f6-4f52b456882d,Worldwide,Supabase,supabase.com,2026-04-08T14:16:04.915+00:00,"Verified live opening for Software Engineer - Auth at Supabase. Department: Engineering. Location: Remote, Global. Apply directly on Ashby portal.","Verified live opening for Software Engineer - Auth at Supabase. Department: Engineering. Location: Remote, Global. Apply directly on Ashby portal.",fulltime,0-5 yrs,False,Software Engineer - Auth,Worldwide (Remote),49.0,Online (Remote),Ashby,"⚠ Python not explicitly emphasized, ⚠ Fastapi not explicitly emphasized, ⚠ Role title differs from target keywords","{'freshness_score': 80.0, 'source_confidence': 98.0, 'listing_quality_score': 85.0, 'risk_signals': []}",remote,Not Disclosed,"{'skills': {'score': 0, 'max': 30}, 'role': {'score': 6, 'max': 20}, 'experience': {'score': 14, 'max': 15}, 'location': {'score': 10, 'max': 10}, 'education': {'score': 5, 'max': 5}, 'employment': {'score': 3, 'max': 5}, 'salary': {'score': 4, 'max': 5}, 'freshness': {'score': 3, 'max': 5}, 'requirements': {'score': 4, 'max': 5}}","Software Engineering, Full Stack","ashby, company-careers","✓ Online (Remote) fit: Worldwide (Remote) at Supabase, ✓ Education qualifications satisfied",Online,rec_wf_2b328532d0_ash_supabase_e569b7f7-fa8f-4139-86f6-4f52b456882d_87,49.0%,YES,https://jobs.ashbyhq.com/supabase/e569b7f7-fa8f-4139-86f6-4f52b456882d,2026-09-30T14:36:50.334260+00:00
https://jobs.ashbyhq.com/supabase/47bcfdb8-b954-423e-8a9e-85256434575c,Worldwide,Supabase,supabase.com,2026-06-01T09:46:41.367+00:00,"Verified live opening for Product Lead, Infrastructure at Supabase. Department: Product. Location: Remote, Global. Apply directly on Ashby portal.","Verified live opening for Product Lead, Infrastructure at Supabase. Department: Product. Location: Remote, Global. Apply directly on Ashby portal.",fulltime,0-5 yrs,False,"Product Lead, Infrastructure",Worldwide (Remote),49.0,Online (Remote),Ashby,"⚠ Python not explicitly emphasized, ⚠ Fastapi not explicitly emphasized, ⚠ Role title differs from target keywords","{'freshness_score': 80.0, 'source_confidence': 98.0, 'listing_quality_score': 85.0, 'risk_signals': []}",remote,Not Disclosed,"{'skills': {'score': 0, 'max': 30}, 'role': {'score': 6, 'max': 20}, 'experience': {'score': 14, 'max': 15}, 'location': {'score': 10, 'max': 10}, 'education': {'score': 5, 'max': 5}, 'employment': {'score': 3, 'max': 5}, 'salary': {'score': 4, 'max': 5}, 'freshness': {'score': 3, 'max': 5}, 'requirements': {'score': 4, 'max': 5}}","Software Engineering, Full Stack","ashby, company-careers","✓ Online (Remote) fit: Worldwide (Remote) at Supabase, ✓ Education qualifications satisfied",Online,rec_wf_2b328532d0_ash_supabase_47bcfdb8-b954-423e-8a9e-85256434575c_88,49.0%,YES,https://jobs.ashbyhq.com/supabase/47bcfdb8-b954-423e-8a9e-85256434575c,2026-09-30T14:36:50.339757+00:00
https://jobs.ashbyhq.com/supabase/621516b5-4d8f-4ee9-8287-2da12e63d023,Remote,Supabase,supabase.com,2026-05-19T14:43:21.010+00:00,"Verified live opening for OrioleDB Developer (AMER) at Supabase. Department: Engineering. Location: Remote, AMER. Apply directly on Ashby portal.","Verified live opening for OrioleDB Developer (AMER) at Supabase. Department: Engineering. Location: Remote, AMER. Apply directly on Ashby portal.",fulltime,0-5 yrs,False,OrioleDB Developer (AMER),"Remote, AMER",49.0,Online (Remote),Ashby,"⚠ Python not explicitly emphasized, ⚠ Fastapi not explicitly emphasized, ⚠ Role title differs from target keywords","{'freshness_score': 80.0, 'source_confidence': 98.0, 'listing_quality_score': 85.0, 'risk_signals': []}",remote,Not Disclosed,"{'skills': {'score': 0, 'max': 30}, 'role': {'score': 6, 'max': 20}, 'experience': {'score': 14, 'max': 15}, 'location': {'score': 10, 'max': 10}, 'education': {'score': 5, 'max': 5}, 'employment': {'score': 3, 'max': 5}, 'salary': {'score': 4, 'max': 5}, 'freshness': {'score': 3, 'max': 5}, 'requirements': {'score': 4, 'max': 5}}","Software Engineering, Full Stack","ashby, company-careers","✓ Online (Remote) fit: Remote, AMER at Supabase, ✓ Education qualifications satisfied",Online,rec_wf_2b328532d0_ash_supabase_621516b5-4d8f-4ee9-8287-2da12e63d023_89,49.0%,YES,https://jobs.ashbyhq.com/supabase/621516b5-4d8f-4ee9-8287-2da12e63d023,2026-09-30T14:36:50.345555+00:00
https://jobs.ashbyhq.com/supabase/577bdf6d-f34b-4b9e-8d6b-b96776675c94,Remote,Supabase,supabase.com,2026-09-03T13:02:06.478+00:00,"Verified live opening for Partner Operations & Systems Lead at Supabase. Department: Growth. Location: Remote, US West. Apply directly on Ashby portal.","Verified live opening for Partner Operations & Systems Lead at Supabase. Department: Growth. Location: Remote, US West. Apply directly on Ashby portal.",fulltime,0-5 yrs,False,Partner Operations & Systems Lead,"Remote, US West",49.0,Online (Remote),Ashby,"⚠ Python not explicitly emphasized, ⚠ Fastapi not explicitly emphasized, ⚠ Role title differs from target keywords","{'freshness_score': 80.0, 'source_confidence': 98.0, 'listing_quality_score': 85.0, 'risk_signals': []}",remote,Not Disclosed,"{'skills': {'score': 0, 'max': 30}, 'role': {'score': 6, 'max': 20}, 'experience': {'score': 14, 'max': 15}, 'location': {'score': 10, 'max': 10}, 'education': {'score': 5, 'max': 5}, 'employment': {'score': 3, 'max': 5}, 'salary': {'score': 4, 'max': 5}, 'freshness': {'score': 3, 'max': 5}, 'requirements': {'score': 4, 'max': 5}}","Software Engineering, Full Stack","ashby, company-careers","✓ Online (Remote) fit: Remote, US West at Supabase, ✓ Education qualifications satisfied",Online,rec_wf_2b328532d0_ash_supabase_577bdf6d-f34b-4b9e-8d6b-b96776675c94_90,49.0%,YES,https://jobs.ashbyhq.com/supabase/577bdf6d-f34b-4b9e-8d6b-b96776675c94,2026-09-30T14:36:50.349507+00:00
https://jobs.ashbyhq.com/supabase/cb04ae3a-3a47-4e21-928f-c2456b7b214e,Worldwide,Supabase,supabase.com,2026-07-14T21:22:38.215+00:00,"Verified live opening for Member of Technical Staff/ Partners at Supabase. Department: Partnerships. Location: Remote, Global. Apply directly on Ashby portal.","Verified live opening for Member of Technical Staff/ Partners at Supabase. Department: Partnerships. Location: Remote, Global. Apply directly on Ashby portal.",fulltime,0-5 yrs,False,Member of Technical Staff/ Partners,Worldwide (Remote),49.0,Online (Remote),Ashby,"⚠ Python not explicitly emphasized, ⚠ Fastapi not explicitly emphasized, ⚠ Role title differs from target keywords","{'freshness_score': 80.0, 'source_confidence': 98.0, 'listing_quality_score': 85.0, 'risk_signals': []}",remote,Not Disclosed,"{'skills': {'score': 0, 'max': 30}, 'role': {'score': 6, 'max': 20}, 'experience': {'score': 14, 'max': 15}, 'location': {'score': 10, 'max': 10}, 'education': {'score': 5, 'max': 5}, 'employment': {'score': 3, 'max': 5}, 'salary': {'score': 4, 'max': 5}, 'freshness': {'score': 3, 'max': 5}, 'requirements': {'score': 4, 'max': 5}}","Software Engineering, Full Stack","ashby, company-careers","✓ Online (Remote) fit: Worldwide (Remote) at Supabase, ✓ Education qualifications satisfied",Online,rec_wf_2b328532d0_ash_supabase_cb04ae3a-3a47-4e21-928f-c2456b7b214e_91,49.0%,YES,https://jobs.ashbyhq.com/supabase/cb04ae3a-3a47-4e21-928f-c2456b7b214e,2026-09-30T14:36:50.355034+00:00
https://jobs.ashbyhq.com/supabase/4eb14408-51e6-4c58-812a-3782d5c0b045,Worldwide,Supabase,supabase.com,2026-09-02T10:03:09.472+00:00,"Verified live opening for Platform Engineer - Compute Capacity at Supabase. Department: Engineering. Location: Remote, Global. Apply directly on Ashby portal.","Verified live opening for Platform Engineer - Compute Capacity at Supabase. Department: Engineering. Location: Remote, Global. Apply directly on Ashby portal.",fulltime,0-5 yrs,False,Platform Engineer - Compute Capacity,Worldwide (Remote),49.0,Online (Remote),Ashby,"⚠ Python not explicitly emphasized, ⚠ Fastapi not explicitly emphasized, ⚠ Role title differs from target keywords","{'freshness_score': 80.0, 'source_confidence': 98.0, 'listing_quality_score': 85.0, 'risk_signals': []}",remote,Not Disclosed,"{'skills': {'score': 0, 'max': 30}, 'role': {'score': 6, 'max': 20}, 'experience': {'score': 14, 'max': 15}, 'location': {'score': 10, 'max': 10}, 'education': {'score': 5, 'max': 5}, 'employment': {'score': 3, 'max': 5}, 'salary': {'score': 4, 'max': 5}, 'freshness': {'score': 3, 'max': 5}, 'requirements': {'score': 4, 'max': 5}}","Software Engineering, Full Stack","ashby, company-careers","✓ Online (Remote) fit: Worldwide (Remote) at Supabase, ✓ Education qualifications satisfied",Online,rec_wf_2b328532d0_ash_supabase_4eb14408-51e6-4c58-812a-3782d5c0b045_92,49.0%,YES,https://jobs.ashbyhq.com/supabase/4eb14408-51e6-4c58-812a-3782d5c0b045,2026-09-30T14:36:50.358853+00:00
https://jobs.ashbyhq.com/supabase/06752423-eebb-472c-95b5-c7ff2559fd60,Worldwide,Supabase,supabase.com,2026-09-02T10:25:03.190+00:00,"Verified live opening for Software Engineer - Branching at Supabase. Department: Engineering. Location: Remote, Global. Apply directly on Ashby portal.","Verified live opening for Software Engineer - Branching at Supabase. Department: Engineering. Location: Remote, Global. Apply directly on Ashby portal.",fulltime,0-5 yrs,False,Software Engineer - Branching,Worldwide (Remote),49.0,Online (Remote),Ashby,"⚠ Python not explicitly emphasized, ⚠ Fastapi not explicitly emphasized, ⚠ Role title differs from target keywords","{'freshness_score': 80.0, 'source_confidence': 98.0, 'listing_quality_score': 85.0, 'risk_signals': []}",remote,Not Disclosed,"{'skills': {'score': 0, 'max': 30}, 'role': {'score': 6, 'max': 20}, 'experience': {'score': 14, 'max': 15}, 'location': {'score': 10, 'max': 10}, 'education': {'score': 5, 'max': 5}, 'employment': {'score': 3, 'max': 5}, 'salary': {'score': 4, 'max': 5}, 'freshness': {'score': 3, 'max': 5}, 'requirements': {'score': 4, 'max': 5}}","Software Engineering, Full Stack","ashby, company-careers","✓ Online (Remote) fit: Worldwide (Remote) at Supabase, ✓ Education qualifications satisfied",Online,rec_wf_2b328532d0_ash_supabase_06752423-eebb-472c-95b5-c7ff2559fd60_93,49.0%,YES,https://jobs.ashbyhq.com/supabase/06752423-eebb-472c-95b5-c7ff2559fd60,2026-09-30T14:36:50.363612+00:00
https://jobs.ashbyhq.com/supabase/8fa1c7a0-a85c-4562-a1f5-4dd22cadae27,Worldwide,Supabase,supabase.com,2026-09-02T20:44:27.045+00:00,"Verified live opening for Platform Security Engineer (AMER/APAC) at Supabase. Department: Engineering. Location: Remote, Global. Apply directly on Ashby portal.","Verified live opening for Platform Security Engineer (AMER/APAC) at Supabase. Department: Engineering. Location: Remote, Global. Apply directly on Ashby portal.",fulltime,0-5 yrs,False,Platform Security Engineer (AMER/APAC),Worldwide (Remote),49.0,Online (Remote),Ashby,"⚠ Python not explicitly emphasized, ⚠ Fastapi not explicitly emphasized, ⚠ Role title differs from target keywords","{'freshness_score': 80.0, 'source_confidence': 98.0, 'listing_quality_score': 85.0, 'risk_signals': []}",remote,Not Disclosed,"{'skills': {'score': 0, 'max': 30}, 'role': {'score': 6, 'max': 20}, 'experience': {'score': 14, 'max': 15}, 'location': {'score': 10, 'max': 10}, 'education': {'score': 5, 'max': 5}, 'employment': {'score': 3, 'max': 5}, 'salary': {'score': 4, 'max': 5}, 'freshness': {'score': 3, 'max': 5}, 'requirements': {'score': 4, 'max': 5}}","Software Engineering, Full Stack","ashby, company-careers","✓ Online (Remote) fit: Worldwide (Remote) at Supabase, ✓ Education qualifications satisfied",Online,rec_wf_2b328532d0_ash_supabase_8fa1c7a0-a85c-4562-a1f5-4dd22cadae27_94,49.0%,YES,https://jobs.ashbyhq.com/supabase/8fa1c7a0-a85c-4562-a1f5-4dd22cadae27,2026-09-30T14:36:50.367222+00:00
